{
	"credit": "Made with Blockbench",
	"texture_size": [48, 48],
	"textures": {
		"0": "splashes:lava_splash_anim",
		"particle": "splashes:lava_splash_anim"
	},
	"elements": [
		{
			"from": [0.8, -13.2, 0.8],
			"to": [15.2, 6, 0.8],
			"rotation": {"angle": 0, "axis": "y", "origin": [8, -44.4, 8]},
			"faces": {
				"north": {"uv": [0, 10.85714, 4, 16], "texture": "#0"},
				"east": {"uv": [8, 10.85714, 12, 16], "texture": "#0"},
				"south": {"uv": [4, 10.85714, 8, 16], "texture": "#0"},
				"west": {"uv": [12, 10.85714, 16, 16], "texture": "#0"},
				"up": {"uv": [12, 6.85714, 16, 11], "texture": "#0"},
				"down": {"uv": [8, 6.85714, 12, 10.66667], "texture": "#0"}
			}
		},
		{
			"from": [0.8, -13.2, 0.8],
			"to": [0.8, 6, 15.2],
			"rotation": {"angle": 0, "axis": "y", "origin": [8, -44.4, 8]},
			"faces": {
				"north": {"uv": [0, 10.85714, 4, 16], "texture": "#0"},
				"east": {"uv": [8, 10.85714, 12, 16], "texture": "#0"},
				"south": {"uv": [4, 10.85714, 8, 16], "texture": "#0"},
				"west": {"uv": [12, 10.85714, 16, 16], "texture": "#0"},
				"up": {"uv": [12, 6.85714, 16, 11], "texture": "#0"},
				"down": {"uv": [8, 6.85714, 12, 10.66667], "texture": "#0"}
			}
		},
		{
			"from": [0.8, -13.2, 15.2],
			"to": [15.2, 6, 15.2],
			"rotation": {"angle": 0, "axis": "y", "origin": [8, -44.4, 8]},
			"faces": {
				"north": {"uv": [0, 10.85714, 4, 16], "texture": "#0"},
				"east": {"uv": [8, 10.85714, 12, 16], "texture": "#0"},
				"south": {"uv": [4, 10.85714, 8, 16], "texture": "#0"},
				"west": {"uv": [12, 10.85714, 16, 16], "texture": "#0"},
				"up": {"uv": [12, 6.85714, 16, 11], "texture": "#0"},
				"down": {"uv": [8, 6.85714, 12, 10.66667], "texture": "#0"}
			}
		},
		{
			"from": [15.2, -13.2, 0.8],
			"to": [15.2, 6, 15.2],
			"rotation": {"angle": 0, "axis": "y", "origin": [8, -44.4, 8]},
			"faces": {
				"north": {"uv": [0, 10.85714, 4, 16], "texture": "#0"},
				"east": {"uv": [8, 10.85714, 12, 16], "texture": "#0"},
				"south": {"uv": [4, 10.85714, 8, 16], "texture": "#0"},
				"west": {"uv": [12, 10.85714, 16, 16], "texture": "#0"},
				"up": {"uv": [12, 6.85714, 16, 11], "texture": "#0"},
				"down": {"uv": [8, 6.85714, 12, 10.66667], "texture": "#0"}
			}
		},
		{
			"from": [3.2, -11, 3.2],
			"to": [12.8, 32, 3.2],
			"rotation": {"angle": 0, "axis": "y", "origin": [8, -37, 8]},
			"faces": {
				"north": {"uv": [8, 10.85714, 12, 16], "texture": "#0"},
				"east": {"uv": [4, 10.85714, 8, 16], "texture": "#0"},
				"south": {"uv": [12, 10.85714, 16, 16], "texture": "#0"},
				"west": {"uv": [0, 10.85714, 4, 16], "texture": "#0"},
				"up": {"uv": [12, 6.85714, 16, 10.66667], "texture": "#0"},
				"down": {"uv": [8, 6.85714, 12, 10.66667], "texture": "#0"}
			}
		},
		{
			"from": [3.2, -11, 3.2],
			"to": [3.2, 32, 12.8],
			"rotation": {"angle": 0, "axis": "y", "origin": [8, -37, 8]},
			"faces": {
				"north": {"uv": [8, 10.85714, 12, 16], "texture": "#0"},
				"east": {"uv": [4, 10.85714, 8, 16], "texture": "#0"},
				"south": {"uv": [12, 10.85714, 16, 16], "texture": "#0"},
				"west": {"uv": [0, 10.85714, 4, 16], "texture": "#0"},
				"up": {"uv": [12, 6.85714, 16, 10.66667], "texture": "#0"},
				"down": {"uv": [8, 6.85714, 12, 10.66667], "texture": "#0"}
			}
		},
		{
			"from": [3.2, -11, 12.8],
			"to": [12.8, 32, 12.8],
			"rotation": {"angle": 0, "axis": "y", "origin": [8, -37, 8]},
			"faces": {
				"north": {"uv": [8, 10.85714, 12, 16], "texture": "#0"},
				"east": {"uv": [4, 10.85714, 8, 16], "texture": "#0"},
				"south": {"uv": [12, 10.85714, 16, 16], "texture": "#0"},
				"west": {"uv": [0, 10.85714, 4, 16], "texture": "#0"},
				"up": {"uv": [12, 6.85714, 16, 10.66667], "texture": "#0"},
				"down": {"uv": [8, 6.85714, 12, 10.66667], "texture": "#0"}
			}
		},
		{
			"from": [12.8, -11, 3.2],
			"to": [12.8, 32, 12.8],
			"rotation": {"angle": 0, "axis": "y", "origin": [8, -37, 8]},
			"faces": {
				"north": {"uv": [8, 10.85714, 12, 16], "texture": "#0"},
				"east": {"uv": [4, 10.85714, 8, 16], "texture": "#0"},
				"south": {"uv": [12, 10.85714, 16, 16], "texture": "#0"},
				"west": {"uv": [0, 10.85714, 4, 16], "texture": "#0"},
				"up": {"uv": [12, 6.85714, 16, 10.66667], "texture": "#0"},
				"down": {"uv": [8, 6.85714, 12, 10.66667], "texture": "#0"}
			}
		}
	],
	"display": {
		"thirdperson_righthand": {
			"scale": [0, 0, 0]
		},
		"thirdperson_lefthand": {
			"scale": [0, 0, 0]
		},
		"firstperson_righthand": {
			"scale": [0, 0, 0]
		},
		"firstperson_lefthand": {
			"scale": [0, 0, 0]
		},
		"ground": {
			"scale": [0, 0, 0]
		},
		"gui": {
			"rotation": [30, 225, 0],
			"translation": [0, -13.5, 0],
			"scale": [0.625, 0.625, 0.625]
		},
		"head": {
			"translation": [0, -2.75, 0],
			"scale": [1.8, 1.9, 1.8]
		},
		"fixed": {
			"translation": [0, 3, 0],
			"scale": [0.5, 0.5, 0.5]
		}
	}
}