{
 "parent": "item/handheld",
 "textures": {
 "layer0": "item/warped_fungus_on_a_stick"
 },
 
 "overrides": [
    {  "predicate": {"custom_model_data":5102300}, 
    "model": "devons_dds:tools/d4"},
    {  "predicate": {"custom_model_data":5102301}, 
    "model": "devons_dds:tools/d6"},
    {  "predicate": {"custom_model_data":5102302}, 
    "model": "devons_dds:tools/d8"},
    {  "predicate": {"custom_model_data":5102303}, 
    "model": "devons_dds:tools/d10"},
    {  "predicate": {"custom_model_data":5102304}, 
    "model": "devons_dds:tools/d12"},
    {  "predicate": {"custom_model_data":5102305}, 
    "model": "devons_dds:tools/d20"},
    {  "predicate": {"custom_model_data":5102306}, 
    "model": "devons_dds:tools/d100"},
    {  "predicate": {"custom_model_data":5102307}, 
    "model": "devons_dds:tools/d2"}
 ]
}