{
  "parent": "item/generated",
  "textures": {
      "layer0": "tsurvival:item/custom/war_horn"
  },
  "display": {
      "thirdperson_righthand": {
          "rotation": [ 0, 60, 0 ],
          "translation": [ -1, 2, 2 ],
          "scale": [ 0.5, 0.5, 0.5 ]
      },
      "thirdperson_lefthand": {
          "rotation": [ 0, -115, 0 ],
          "translation": [ -1, 2, 2 ],
          "scale": [ 0.5, 0.5, 0.5 ]
      },
      "firstperson_righthand": {
          "rotation": [ 0, 75, -5 ],
          "translation": [ 1, -5.5, -13.5 ]
      },
      "firstperson_lefthand": {
          "rotation": [ 0, -115, 5 ],
          "translation": [ 4  , -5.5, -14.5 ]
      }
  }
}
