{
	"credit": "Made with Blockbench",
	"textures": {
		"0": "tsurvival:item/extra/crafter",
		"particle": "tsurvival:item/extra/crafter"
	},
	"elements": [
		{
			"from": [2, 0, 2],
			"to": [14, 0, 14],
			"faces": {
				"north": {"uv": [0, 0, 12, 0], "texture": "#missing"},
				"east": {"uv": [0, 0, 12, 0], "texture": "#missing"},
				"south": {"uv": [0, 0, 12, 0], "texture": "#missing"},
				"west": {"uv": [0, 0, 12, 0], "texture": "#missing"},
				"up": {"uv": [2, 2, 14, 14], "texture": "#0"},
				"down": {"uv": [0, 0, 12, 12], "texture": "#missing"}
			}
		},
		{
			"from": [3, 0, 3],
			"to": [7, 1, 13],
			"faces": {
				"north": {"uv": [3, 3, 7, 4], "texture": "#0"},
				"east": {"uv": [3, 3, 7, 4], "texture": "#0"},
				"south": {"uv": [3, 3, 7, 4], "texture": "#0"},
				"west": {"uv": [3, 3, 7, 4], "texture": "#0"},
				"up": {"uv": [9, 3, 13, 13], "texture": "#0"},
				"down": {"uv": [3, 3, 7, 4], "texture": "#0"}
			}
		},
		{
			"from": [9, 0, 3],
			"to": [13, 1, 13],
			"faces": {
				"north": {"uv": [3, 6, 7, 7], "texture": "#0"},
				"east": {"uv": [3, 6, 7, 7], "texture": "#0"},
				"south": {"uv": [3, 6, 7, 7], "texture": "#0"},
				"west": {"uv": [3, 6, 7, 7], "texture": "#0"},
				"up": {"uv": [3, 3, 7, 13], "texture": "#0"},
				"down": {"uv": [3, 6, 7, 7], "texture": "#0"}
			}
		},
		{
			"from": [7.7, -3.5, 3],
			"to": [8.7, -2.5, 13],
			"rotation": {"angle": 22.5, "axis": "z", "origin": [0, 0, 0]},
			"faces": {
				"north": {"uv": [3, 6, 4, 7], "texture": "#0"},
				"east": {"uv": [3, 6, 4, 7], "texture": "#0"},
				"south": {"uv": [3, 6, 4, 7], "texture": "#0"},
				"west": {"uv": [3, 6, 4, 7], "texture": "#0"},
				"up": {"uv": [7, 3, 8, 13], "texture": "#0"},
				"down": {"uv": [3, 6, 4, 7], "texture": "#0"}
			}
		},
		{
			"from": [6, 2.6, 3],
			"to": [7, 3.6, 13],
			"rotation": {"angle": -22.5, "axis": "z", "origin": [0, 0, 0]},
			"faces": {
				"north": {"uv": [3, 6, 4, 7], "texture": "#0"},
				"east": {"uv": [3, 6, 4, 7], "texture": "#0"},
				"south": {"uv": [3, 6, 4, 7], "texture": "#0"},
				"west": {"uv": [3, 6, 4, 7], "texture": "#0"},
				"up": {"uv": [8, 3, 9, 13], "texture": "#0"},
				"down": {"uv": [3, 6, 4, 7], "texture": "#0"}
			}
		},
		{
			"from": [7.5, -0.35, 3],
			"to": [8.5, 0.65, 13],
			"faces": {
				"north": {"uv": [7, 4, 8, 7], "texture": "#0"},
				"east": {"uv": [7, 4, 8, 7], "texture": "#0"},
				"south": {"uv": [7, 4, 8, 7], "texture": "#0"},
				"west": {"uv": [7, 4, 8, 7], "texture": "#0"},
				"up": {"uv": [7, 4, 8, 7], "texture": "#0"},
				"down": {"uv": [7, 4, 8, 7], "texture": "#0"}
			}
		}
	],
	"display": {
		"fixed": {
			"rotation": [-90, 0, 0],
			"translation": [0, 0, -16.5],
			"scale": [2, 2, 2]
		}
	},
	"groups": [
		{
			"name": "Binding",
			"origin": [8, 8, 8],
			"color": 0,
			"children": [0]
		},
		{
			"name": "Pages",
			"origin": [8, 8, 8],
			"color": 0,
			"children": [1, 2, 3, 4, 5]
		}
	]
}