{
	"data":20,"parent":"item/generated","textures":
	{"layer0":"item/brick"},"overrides":
		[
			{"predicate":{"custom_model_data":84621},"model":"splashes:water/tiny_splash"},
			{"predicate":{"custom_model_data":84622},"model":"splashes:water/small_splash"},
			{"predicate":{"custom_model_data":84623},"model":"splashes:water/medium_splash"},
			{"predicate":{"custom_model_data":84624},"model":"splashes:water/large_splash"},
			{"predicate":{"custom_model_data":84625},"model":"splashes:water/big_splash"},
			{"predicate":{"custom_model_data":84626},"model":"splashes:lava/tiny_splash"},
			{"predicate":{"custom_model_data":84627},"model":"splashes:lava/small_splash"},
			{"predicate":{"custom_model_data":84628},"model":"splashes:lava/medium_splash"},
			{"predicate":{"custom_model_data":84629},"model":"splashes:lava/large_splash"},
			{"predicate":{"custom_model_data":84630},"model":"splashes:lava/big_splash"}
		]	
}