{
	"credit": "Made with Blockbench",
	"texture_size": [64, 64],
	"textures": {
		"0": "entity/villager_guard",
		"1": "item/iron_sword",
		"particle": "entity/villager_guard"
	},
	"elements": [
		{
			"name": "head",
			"from": [4, 8, 4],
			"to": [12, 18, 12],
			"shade": false,
			"rotation": {"angle": 0, "axis": "y", "origin": [8, 9, 8]},
			"faces": {
				"north": {"uv": [2, 2, 4, 4.5], "texture": "#0"},
				"east": {"uv": [0, 2, 2, 4.5], "texture": "#0"},
				"south": {"uv": [6, 2, 8, 4.5], "texture": "#0"},
				"west": {"uv": [4, 2, 6, 4.5], "texture": "#0"},
				"up": {"uv": [2, 0, 4, 2], "texture": "#0"},
				"down": {"uv": [4, 0, 6, 2], "texture": "#0"}
			}
		},
		{
			"name": "nose",
			"from": [7, 7, 2],
			"to": [9, 11, 4],
			"shade": false,
			"rotation": {"angle": 0, "axis": "y", "origin": [8, 9, 8]},
			"faces": {
				"north": {"uv": [6.5, 0.5, 7, 1.5], "texture": "#0"},
				"east": {"uv": [6, 0.5, 6.5, 1.5], "texture": "#0"},
				"south": {"uv": [7.5, 0.5, 8, 1.5], "texture": "#0"},
				"west": {"uv": [7, 0.5, 7.5, 1.5], "texture": "#0"},
				"up": {"uv": [6.5, 0, 7, 0.25], "texture": "#0"},
				"down": {"uv": [7, 0, 7.5, 0.5], "texture": "#0"}
			}
		},
		{
			"name": "body",
			"from": [4, -4, 5],
			"to": [12, 8, 11],
			"shade": false,
			"faces": {
				"north": {"uv": [5.5, 6.5, 7.5, 9.5], "texture": "#0"},
				"east": {"uv": [4, 6.5, 5.5, 9.5], "texture": "#0"},
				"south": {"uv": [9, 6.5, 11, 9.5], "texture": "#0"},
				"west": {"uv": [7.5, 6.5, 9, 9.25], "texture": "#0"},
				"up": {"uv": [5.5, 5, 7.5, 6.5], "texture": "#0"},
				"down": {"uv": [7.5, 5, 9.5, 6.5], "texture": "#0"}
			}
		},
		{
			"name": "body",
			"from": [3.5, -10.5, 4.5],
			"to": [12.5, 8.5, 11.5],
			"shade": false,
			"faces": {
				"north": {"uv": [1.5, 11, 3.5, 15.5], "texture": "#0"},
				"east": {"uv": [0, 11, 1.5, 15.5], "texture": "#0"},
				"south": {"uv": [5, 11, 7, 15.5], "texture": "#0"},
				"west": {"uv": [3.5, 11, 5, 15.5], "texture": "#0"},
				"up": {"uv": [1.5, 9.5, 3.5, 11], "texture": "#0"},
				"down": {"uv": [3.5, 9.5, 5.5, 11], "texture": "#0"}
			}
		},
		{
			"name": "leg0",
			"from": [4, -16, 6],
			"to": [8, -4, 10],
			"shade": false,
			"rotation": {"angle": 0, "axis": "y", "origin": [6, -6, 8]},
			"faces": {
				"north": {"uv": [2, 6.5, 1, 9.5], "texture": "#0"},
				"east": {"uv": [0, 6.5, 1, 9.5], "texture": "#0"},
				"south": {"uv": [4, 6.5, 3, 9.5], "texture": "#0"},
				"west": {"uv": [2, 6.5, 3, 9.5], "texture": "#0"},
				"up": {"uv": [1, 5.5, 2, 6.5], "texture": "#0"},
				"down": {"uv": [2, 5.5, 3, 6.5], "texture": "#0"}
			}
		},
		{
			"name": "leg1",
			"from": [8, -16, 6],
			"to": [12, -4, 10],
			"rotation": {"angle": 0, "axis": "y", "origin": [10, -6, 8]},
			"faces": {
				"north": {"uv": [1, 6.5, 2, 9.5], "texture": "#0"},
				"east": {"uv": [0, 6.5, 1, 9.5], "texture": "#0"},
				"south": {"uv": [3, 6.5, 4, 9.5], "texture": "#0"},
				"west": {"uv": [2, 6.5, 3, 9.5], "texture": "#0"},
				"up": {"uv": [2, 5.5, 1, 6.5], "texture": "#0"},
				"down": {"uv": [3, 5.5, 2, 6.5], "texture": "#0"}
			}
		},
		{
			"name": "rightarm",
			"from": [0, -4, 6],
			"to": [4, 8, 10],
			"shade": false,
			"rotation": {"angle": 0, "axis": "y", "origin": [2, 6, 8]},
			"faces": {
				"north": {"uv": [12, 12.5, 11, 15.5], "texture": "#0"},
				"east": {"uv": [13, 12.5, 12, 15.5], "texture": "#0"},
				"south": {"uv": [14, 12.5, 13, 15.5], "texture": "#0"},
				"west": {"uv": [11, 12.5, 10, 15.5], "texture": "#0"},
				"up": {"uv": [11, 11.5, 12, 12.5], "texture": "#0"},
				"down": {"uv": [12, 11.5, 13, 12.5], "texture": "#0"}
			}
		},
		{
			"name": "leftarm",
			"from": [12, -4, 6],
			"to": [16, 8, 10],
			"rotation": {"angle": 0, "axis": "y", "origin": [14, 6, 8]},
			"faces": {
				"north": {"uv": [11, 12.5, 12, 15.5], "texture": "#0"},
				"east": {"uv": [10, 12.5, 11, 15.5], "texture": "#0"},
				"south": {"uv": [13, 12.5, 14, 15.5], "texture": "#0"},
				"west": {"uv": [12, 12.5, 13, 15.5], "texture": "#0"},
				"up": {"uv": [12, 11.5, 11, 12.5], "texture": "#0"},
				"down": {"uv": [13, 11.5, 12, 12.5], "texture": "#0"}
			}
		},
		{
			"name": "ironsword",
			"from": [14, -2.39949, -8.08478],
			"to": [14, 9.60051, 3.91522],
			"rotation": {"angle": -45, "axis": "x", "origin": [14, 6, 8]},
			"faces": {
				"north": {"uv": [11.5, 8, 14.75, 11.25], "rotation": 180, "texture": "#0"},
				"east": {"uv": [0, 16, 16, 0], "rotation": 270, "texture": "#1"},
				"south": {"uv": [11.5, 8, 14.75, 11.25], "texture": "#0"},
				"west": {"uv": [16, 16, 0, 0], "rotation": 90, "texture": "#1"},
				"up": {"uv": [11.5, 8, 14.75, 11.25], "rotation": 180, "texture": "#0"},
				"down": {"uv": [11.5, 8, 14.75, 11.25], "texture": "#0"}
			}
		}
	],
	"display": {
		"head": {
			"translation": [0, -4.9, 0],
			"scale": [1.6, 1.6, 1.6]
		}
	},
	"groups": [
		{
			"name": "head",
			"origin": [0, 24, 0],
			"color": 0,
			"shade": false,
			"children": [0]
		},
		{
			"name": "nose",
			"origin": [0, 26, 0],
			"color": 0,
			"shade": false,
			"children": [1]
		},
		{
			"name": "body",
			"origin": [0, 24, 0],
			"color": 0,
			"shade": false,
			"children": [2, 3]
		},
		{
			"name": "leg0",
			"origin": [-2, 12, 0],
			"color": 0,
			"shade": false,
			"children": [4]
		},
		{
			"name": "leg1",
			"origin": [2, 12, 0],
			"color": 0,
			"shade": false,
			"children": [5]
		},
		{
			"name": "rightarm",
			"origin": [-5, 22, 0],
			"color": 0,
			"shade": false,
			"children": [6]
		},
		{
			"name": "leftarm",
			"origin": [5, 22, 0],
			"color": 0,
			"shade": false,
			"children": [7, 8]
		}
	]
}