{
    "credit": "Made with Blockbench", 
    "texture_size": [
        64, 
        64
    ], 
    "textures": {
        "main": "entity/villager_guard_walk"
    }, 
    "elements": [
        {
            "name": "head", 
            "from": [ 4, 8, 4 ], 
            "to":   [ 12, 18, 12 ], 
            "shade": false, 
            "rotation": { "angle": 0, "axis": "y", "origin": [8, 9, 8] }, 
            "faces": {
                "north": { "uv": [ 0.5, 0.5, 1, 1.125 ], "texture": "#main" }, 
                "east":  { "uv": [ 0, 0.5, 0.5, 1.125 ], "texture": "#main" }, 
                "south": { "uv": [ 1.5, 0.5, 2, 1.125 ], "texture": "#main" }, 
                "west":  { "uv": [ 1, 0.5, 1.5, 1.125 ], "texture": "#main" }, 
                "up":    { "uv": [ 0.5, 0, 1, 0.5 ], "texture": "#main" }, 
                "down":  { "uv": [ 1, 0, 1.5, 0.5 ], "texture": "#main" }
            }
        }, 
        {
            "name": "nose", 
            "from": [ 7, 7, 2 ], 
            "to":   [ 9, 11, 4 ], 
            "shade": false, 
            "rotation": { "angle": 0, "axis": "y", "origin": [8, 9, 8] }, 
            "faces": {
                "north": { "uv": [ 1.625, 0.125, 1.75, 0.375 ], "texture": "#main" }, 
                "east":  { "uv": [ 1.5, 0.125, 1.625, 0.375 ], "texture": "#main" }, 
                "south": { "uv": [ 1.875, 0.125, 2, 0.375 ], "texture": "#main" }, 
                "west":  { "uv": [ 1.75, 0.125, 1.875, 0.375 ], "texture": "#main" }, 
                "up":    { "uv": [ 1.625, 0, 1.75, 0.0625 ], "texture": "#main" }, 
                "down":  { "uv": [ 1.75, 0, 1.875, 0.125 ], "texture": "#main" }
            }
        }, 
        {
            "name": "body", 
            "from": [ 4, -4, 5 ], 
            "to":   [ 12, 8, 11 ], 
            "shade": false, 
            "faces": {
                "north": { "uv": [ 1.375, 1.625, 1.875, 2.375 ], "texture": "#main" }, 
                "east":  { "uv": [ 1, 1.625, 1.375, 2.375 ], "texture": "#main" }, 
                "south": { "uv": [ 2.25, 1.625, 2.75, 2.375 ], "texture": "#main" }, 
                "west":  { "uv": [ 1.875, 1.625, 2.25, 2.3125 ], "texture": "#main" }, 
                "up":    { "uv": [ 1.375, 1.25, 1.875, 1.625 ], "texture": "#main" }, 
                "down":  { "uv": [ 1.875, 1.25, 2.375, 1.625 ], "texture": "#main" }
            }
        }, 
        {
            "name": "body", 
            "from": [ 3.5, -10.5, 4.5 ], 
            "to":   [ 12.5, 8.5, 11.5 ], 
            "shade": false, 
            "faces": {
                "north": { "uv": [ 0.375, 2.75, 0.875, 3.875 ], "texture": "#main" }, 
                "east":  { "uv": [ 0, 2.75, 0.375, 3.875 ], "texture": "#main" }, 
                "south": { "uv": [ 1.25, 2.75, 1.75, 3.875 ], "texture": "#main" }, 
                "west":  { "uv": [ 0.875, 2.75, 1.25, 3.875 ], "texture": "#main" }, 
                "up":    { "uv": [ 0.375, 2.375, 0.875, 2.75 ], "texture": "#main" }, 
                "down":  { "uv": [ 0.875, 2.375, 1.375, 2.75 ], "texture": "#main" }
            }
        }, 
        {
            "name": "leg0", 
            "from": [ 4, -16, 6 ], 
            "to":   [ 8, -4, 10 ], 
            "shade": false, 
            "rotation": { "angle": 0, "axis": "y", "origin": [6, -6, 8] }, 
            "faces": {
                "north": { "uv": [ 0.5, 1.625, 0.25, 2.375 ], "texture": "#main" }, 
                "east":  { "uv": [ 0, 1.625, 0.25, 2.375 ], "texture": "#main" }, 
                "south": { "uv": [ 1, 1.625, 0.75, 2.375 ], "texture": "#main" }, 
                "west":  { "uv": [ 0.5, 1.625, 0.75, 2.375 ], "texture": "#main" }, 
                "up":    { "uv": [ 0.25, 1.375, 0.5, 1.625 ], "texture": "#main" }, 
                "down":  { "uv": [ 0.5, 1.375, 0.75, 1.625 ], "texture": "#main" }
            }
        }, 
        {
            "name": "leg1", 
            "from": [ 8, -16, 6 ], 
            "to":   [ 12, -4, 10 ], 
            "rotation": { "angle": 0, "axis": "y", "origin": [10, -6, 8] }, 
            "faces": {
                "north": { "uv": [ 0.25, 1.625, 0.5, 2.375 ], "texture": "#main" }, 
                "east":  { "uv": [ 0, 1.625, 0.25, 2.375 ], "texture": "#main" }, 
                "south": { "uv": [ 0.75, 1.625, 1, 2.375 ], "texture": "#main" }, 
                "west":  { "uv": [ 0.5, 1.625, 0.75, 2.375 ], "texture": "#main" }, 
                "up":    { "uv": [ 0.5, 1.375, 0.25, 1.625 ], "texture": "#main" }, 
                "down":  { "uv": [ 0.75, 1.375, 0.5, 1.625 ], "texture": "#main" }
            }
        }, 
        {
            "name": "rightarm", 
            "from": [ 0, -4, 6 ], 
            "to":   [ 4, 8, 10 ], 
            "shade": false, 
            "rotation": { "angle": 0, "axis": "y", "origin": [2, 6, 8] }, 
            "faces": {
                "north": { "uv": [ 3, 3.125, 2.75, 3.875 ], "texture": "#main" }, 
                "east":  { "uv": [ 3.25, 3.125, 3, 3.875 ], "texture": "#main" }, 
                "south": { "uv": [ 3.5, 3.125, 3.25, 3.875 ], "texture": "#main" }, 
                "west":  { "uv": [ 2.75, 3.125, 2.5, 3.875 ], "texture": "#main" }, 
                "up":    { "uv": [ 2.75, 2.875, 3, 3.125 ], "texture": "#main" }, 
                "down":  { "uv": [ 3, 2.875, 3.25, 3.125 ], "texture": "#main" }
            }
        }, 
        {
            "name": "leftarm", 
            "from": [ 12, -4, 6 ], 
            "to":   [ 16, 8, 10 ], 
            "rotation": { "angle": 0, "axis": "y", "origin": [14, 6, 8] }, 
            "faces": {
                "north": { "uv": [ 2.75, 3.125, 3, 3.875 ], "texture": "#main" }, 
                "east":  { "uv": [ 2.5, 3.125, 2.75, 3.875 ], "texture": "#main" }, 
                "south": { "uv": [ 3.25, 3.125, 3.5, 3.875 ], "texture": "#main" }, 
                "west":  { "uv": [ 3, 3.125, 3.25, 3.875 ], "texture": "#main" }, 
                "up":    { "uv": [ 3, 2.875, 2.75, 3.125 ], "texture": "#main" }, 
                "down":  { "uv": [ 3.25, 2.875, 3, 3.125 ], "texture": "#main" }
            }
        }, 
        {
            "name": "ironsword", 
            "from": [ 14, -2.39949, -8.08478 ], 
            "to":   [ 14, 9.60051, 3.91522 ], 
            "rotation": { "angle": -45, "axis": "x", "origin": [14, 6, 8] }, 
            "faces": {
                "north": { "uv": [ 2.875, 2, 3.6875, 2.8125 ], "rotation":180, "texture": "#main" }, 
                "east":  { "uv": [ 4, 1, 5, 0 ], "rotation":270, "texture": "#main" }, 
                "south": { "uv": [ 2.875, 2, 3.6875, 2.8125 ], "texture": "#main" }, 
                "west":  { "uv": [ 5, 1, 4, 0 ], "rotation":90, "texture": "#main" }, 
                "up":    { "uv": [ 2.875, 2, 3.6875, 2.8125 ], "rotation":180, "texture": "#main" }, 
                "down":  { "uv": [ 2.875, 2, 3.6875, 2.8125 ], "texture": "#main" }
            }
        }, 
        {
            "name": "head", 
            "from": [ 4, 8, 4 ], 
            "to":   [ 12, 18, 12 ], 
            "shade": false, 
            "rotation": { "angle": 0, "axis": "y", "origin": [8, 9, 8] }, 
            "faces": {
                "north": { "uv": [ 8.5, 0.5, 9, 1.125 ], "texture": "#main" }, 
                "east":  { "uv": [ 8, 0.5, 8.5, 1.125 ], "texture": "#main" }, 
                "south": { "uv": [ 9.5, 0.5, 10, 1.125 ], "texture": "#main" }, 
                "west":  { "uv": [ 9, 0.5, 9.5, 1.125 ], "texture": "#main" }, 
                "up":    { "uv": [ 8.5, 0, 9, 0.5 ], "texture": "#main" }, 
                "down":  { "uv": [ 9, 0, 9.5, 0.5 ], "texture": "#main" }
            }
        }, 
        {
            "name": "nose", 
            "from": [ 7, 7, 2 ], 
            "to":   [ 9, 11, 4 ], 
            "shade": false, 
            "rotation": { "angle": 0, "axis": "y", "origin": [8, 9, 8] }, 
            "faces": {
                "north": { "uv": [ 9.625, 0.125, 9.75, 0.375 ], "texture": "#main" }, 
                "east":  { "uv": [ 9.5, 0.125, 9.625, 0.375 ], "texture": "#main" }, 
                "south": { "uv": [ 9.875, 0.125, 10, 0.375 ], "texture": "#main" }, 
                "west":  { "uv": [ 9.75, 0.125, 9.875, 0.375 ], "texture": "#main" }, 
                "up":    { "uv": [ 9.625, 0, 9.75, 0.0625 ], "texture": "#main" }, 
                "down":  { "uv": [ 9.75, 0, 9.875, 0.125 ], "texture": "#main" }
            }
        }, 
        {
            "name": "body", 
            "from": [ 4, -4, 5 ], 
            "to":   [ 12, 8, 11 ], 
            "shade": false, 
            "faces": {
                "north": { "uv": [ 9.375, 1.625, 9.875, 2.375 ], "texture": "#main" }, 
                "east":  { "uv": [ 9, 1.625, 9.375, 2.375 ], "texture": "#main" }, 
                "south": { "uv": [ 10.25, 1.625, 10.75, 2.375 ], "texture": "#main" }, 
                "west":  { "uv": [ 9.875, 1.625, 10.25, 2.3125 ], "texture": "#main" }, 
                "up":    { "uv": [ 9.375, 1.25, 9.875, 1.625 ], "texture": "#main" }, 
                "down":  { "uv": [ 9.875, 1.25, 10.375, 1.625 ], "texture": "#main" }
            }
        }, 
        {
            "name": "body", 
            "from": [ 3.5, -10.5, 4.5 ], 
            "to":   [ 12.5, 8.5, 11.5 ], 
            "shade": false, 
            "faces": {
                "north": { "uv": [ 8.375, 2.75, 8.875, 3.875 ], "texture": "#main" }, 
                "east":  { "uv": [ 8, 2.75, 8.375, 3.875 ], "texture": "#main" }, 
                "south": { "uv": [ 9.25, 2.75, 9.75, 3.875 ], "texture": "#main" }, 
                "west":  { "uv": [ 8.875, 2.75, 9.25, 3.875 ], "texture": "#main" }, 
                "up":    { "uv": [ 8.375, 2.375, 8.875, 2.75 ], "texture": "#main" }, 
                "down":  { "uv": [ 8.875, 2.375, 9.375, 2.75 ], "texture": "#main" }
            }
        }, 
        {
            "name": "leg0", 
            "from": [ 4, -16, 6 ], 
            "to":   [ 8, -4, 10 ], 
            "shade": false, 
            "rotation": { "angle": -22.5, "axis": "x", "origin": [6, -6, 8] }, 
            "faces": {
                "north": { "uv": [ 8.5, 1.625, 8.25, 2.375 ], "texture": "#main" }, 
                "east":  { "uv": [ 8, 1.625, 8.25, 2.375 ], "texture": "#main" }, 
                "south": { "uv": [ 9, 1.625, 8.75, 2.375 ], "texture": "#main" }, 
                "west":  { "uv": [ 8.5, 1.625, 8.75, 2.375 ], "texture": "#main" }, 
                "up":    { "uv": [ 8.25, 1.375, 8.5, 1.625 ], "texture": "#main" }, 
                "down":  { "uv": [ 8.5, 1.375, 8.75, 1.625 ], "texture": "#main" }
            }
        }, 
        {
            "name": "leg1", 
            "from": [ 8, -16, 6 ], 
            "to":   [ 12, -4, 10 ], 
            "rotation": { "angle": 22.5, "axis": "x", "origin": [10, -6, 8] }, 
            "faces": {
                "north": { "uv": [ 8.25, 1.625, 8.5, 2.375 ], "texture": "#main" }, 
                "east":  { "uv": [ 8, 1.625, 8.25, 2.375 ], "texture": "#main" }, 
                "south": { "uv": [ 8.75, 1.625, 9, 2.375 ], "texture": "#main" }, 
                "west":  { "uv": [ 8.5, 1.625, 8.75, 2.375 ], "texture": "#main" }, 
                "up":    { "uv": [ 8.5, 1.375, 8.25, 1.625 ], "texture": "#main" }, 
                "down":  { "uv": [ 8.75, 1.375, 8.5, 1.625 ], "texture": "#main" }
            }
        }, 
        {
            "name": "rightarm", 
            "from": [ 0, -4, 6 ], 
            "to":   [ 4, 8, 10 ], 
            "shade": false, 
            "rotation": { "angle": -22.5, "axis": "x", "origin": [2, 6, 8] }, 
            "faces": {
                "north": { "uv": [ 11, 3.125, 10.75, 3.875 ], "texture": "#main" }, 
                "east":  { "uv": [ 11.25, 3.125, 11, 3.875 ], "texture": "#main" }, 
                "south": { "uv": [ 11.5, 3.125, 11.25, 3.875 ], "texture": "#main" }, 
                "west":  { "uv": [ 10.75, 3.125, 10.5, 3.875 ], "texture": "#main" }, 
                "up":    { "uv": [ 10.75, 2.875, 11, 3.125 ], "texture": "#main" }, 
                "down":  { "uv": [ 11, 2.875, 11.25, 3.125 ], "texture": "#main" }
            }
        }, 
        {
            "name": "leftarm", 
            "from": [ 12, -4, 6 ], 
            "to":   [ 16, 8, 10 ], 
            "rotation": { "angle": 22.5, "axis": "x", "origin": [14, 6, 8] }, 
            "faces": {
                "north": { "uv": [ 10.75, 3.125, 11, 3.875 ], "texture": "#main" }, 
                "east":  { "uv": [ 10.5, 3.125, 10.75, 3.875 ], "texture": "#main" }, 
                "south": { "uv": [ 11.25, 3.125, 11.5, 3.875 ], "texture": "#main" }, 
                "west":  { "uv": [ 11, 3.125, 11.25, 3.875 ], "texture": "#main" }, 
                "up":    { "uv": [ 11, 2.875, 10.75, 3.125 ], "texture": "#main" }, 
                "down":  { "uv": [ 11.25, 2.875, 11, 3.125 ], "texture": "#main" }
            }
        }, 
        {
            "name": "ironsword", 
            "from": [ 14, -2.39949, -8.08478 ], 
            "to":   [ 14, 9.60051, 3.91522 ], 
            "rotation": { "angle": -22.5, "axis": "x", "origin": [14, 6, 8] }, 
            "faces": {
                "north": { "uv": [ 10.875, 2, 11.6875, 2.8125 ], "rotation":180, "texture": "#main" }, 
                "east":  { "uv": [ 12, 1, 13, 0 ], "rotation":270, "texture": "#main" }, 
                "south": { "uv": [ 10.875, 2, 11.6875, 2.8125 ], "texture": "#main" }, 
                "west":  { "uv": [ 13, 1, 12, 0 ], "rotation":90, "texture": "#main" }, 
                "up":    { "uv": [ 10.875, 2, 11.6875, 2.8125 ], "rotation":180, "texture": "#main" }, 
                "down":  { "uv": [ 10.875, 2, 11.6875, 2.8125 ], "texture": "#main" }
            }
        }, 
        {
            "name": "head", 
            "from": [ 4, 8, 4 ], 
            "to":   [ 12, 18, 12 ], 
            "shade": false, 
            "rotation": { "angle": 0, "axis": "y", "origin": [8, 9, 8] }, 
            "faces": {
                "north": { "uv": [ 0.5, 8.5, 1, 9.125 ], "texture": "#main" }, 
                "east":  { "uv": [ 0, 8.5, 0.5, 9.125 ], "texture": "#main" }, 
                "south": { "uv": [ 1.5, 8.5, 2, 9.125 ], "texture": "#main" }, 
                "west":  { "uv": [ 1, 8.5, 1.5, 9.125 ], "texture": "#main" }, 
                "up":    { "uv": [ 0.5, 8, 1, 8.5 ], "texture": "#main" }, 
                "down":  { "uv": [ 1, 8, 1.5, 8.5 ], "texture": "#main" }
            }
        }, 
        {
            "name": "nose", 
            "from": [ 7, 7, 2 ], 
            "to":   [ 9, 11, 4 ], 
            "shade": false, 
            "rotation": { "angle": 0, "axis": "y", "origin": [8, 9, 8] }, 
            "faces": {
                "north": { "uv": [ 1.625, 8.125, 1.75, 8.375 ], "texture": "#main" }, 
                "east":  { "uv": [ 1.5, 8.125, 1.625, 8.375 ], "texture": "#main" }, 
                "south": { "uv": [ 1.875, 8.125, 2, 8.375 ], "texture": "#main" }, 
                "west":  { "uv": [ 1.75, 8.125, 1.875, 8.375 ], "texture": "#main" }, 
                "up":    { "uv": [ 1.625, 8, 1.75, 8.0625 ], "texture": "#main" }, 
                "down":  { "uv": [ 1.75, 8, 1.875, 8.125 ], "texture": "#main" }
            }
        }, 
        {
            "name": "body", 
            "from": [ 4, -4, 5 ], 
            "to":   [ 12, 8, 11 ], 
            "shade": false, 
            "faces": {
                "north": { "uv": [ 1.375, 9.625, 1.875, 10.375 ], "texture": "#main" }, 
                "east":  { "uv": [ 1, 9.625, 1.375, 10.375 ], "texture": "#main" }, 
                "south": { "uv": [ 2.25, 9.625, 2.75, 10.375 ], "texture": "#main" }, 
                "west":  { "uv": [ 1.875, 9.625, 2.25, 10.3125 ], "texture": "#main" }, 
                "up":    { "uv": [ 1.375, 9.25, 1.875, 9.625 ], "texture": "#main" }, 
                "down":  { "uv": [ 1.875, 9.25, 2.375, 9.625 ], "texture": "#main" }
            }
        }, 
        {
            "name": "body", 
            "from": [ 3.5, -10.5, 4.5 ], 
            "to":   [ 12.5, 8.5, 11.5 ], 
            "shade": false, 
            "faces": {
                "north": { "uv": [ 0.375, 10.75, 0.875, 11.875 ], "texture": "#main" }, 
                "east":  { "uv": [ 0, 10.75, 0.375, 11.875 ], "texture": "#main" }, 
                "south": { "uv": [ 1.25, 10.75, 1.75, 11.875 ], "texture": "#main" }, 
                "west":  { "uv": [ 0.875, 10.75, 1.25, 11.875 ], "texture": "#main" }, 
                "up":    { "uv": [ 0.375, 10.375, 0.875, 10.75 ], "texture": "#main" }, 
                "down":  { "uv": [ 0.875, 10.375, 1.375, 10.75 ], "texture": "#main" }
            }
        }, 
        {
            "name": "leg0", 
            "from": [ 4, -16, 6 ], 
            "to":   [ 8, -4, 10 ], 
            "shade": false, 
            "rotation": { "angle": 22.5, "axis": "x", "origin": [6, -6, 8] }, 
            "faces": {
                "north": { "uv": [ 0.5, 9.625, 0.25, 10.375 ], "texture": "#main" }, 
                "east":  { "uv": [ 0, 9.625, 0.25, 10.375 ], "texture": "#main" }, 
                "south": { "uv": [ 1, 9.625, 0.75, 10.375 ], "texture": "#main" }, 
                "west":  { "uv": [ 0.5, 9.625, 0.75, 10.375 ], "texture": "#main" }, 
                "up":    { "uv": [ 0.25, 9.375, 0.5, 9.625 ], "texture": "#main" }, 
                "down":  { "uv": [ 0.5, 9.375, 0.75, 9.625 ], "texture": "#main" }
            }
        }, 
        {
            "name": "leg1", 
            "from": [ 8, -16, 6 ], 
            "to":   [ 12, -4, 10 ], 
            "rotation": { "angle": -22.5, "axis": "x", "origin": [10, -6, 8] }, 
            "faces": {
                "north": { "uv": [ 0.25, 9.625, 0.5, 10.375 ], "texture": "#main" }, 
                "east":  { "uv": [ 0, 9.625, 0.25, 10.375 ], "texture": "#main" }, 
                "south": { "uv": [ 0.75, 9.625, 1, 10.375 ], "texture": "#main" }, 
                "west":  { "uv": [ 0.5, 9.625, 0.75, 10.375 ], "texture": "#main" }, 
                "up":    { "uv": [ 0.5, 9.375, 0.25, 9.625 ], "texture": "#main" }, 
                "down":  { "uv": [ 0.75, 9.375, 0.5, 9.625 ], "texture": "#main" }
            }
        }, 
        {
            "name": "rightarm", 
            "from": [ 0, -4, 6 ], 
            "to":   [ 4, 8, 10 ], 
            "shade": false, 
            "rotation": { "angle": 22.5, "axis": "x", "origin": [2, 6, 8] }, 
            "faces": {
                "north": { "uv": [ 3, 11.125, 2.75, 11.875 ], "texture": "#main" }, 
                "east":  { "uv": [ 3.25, 11.125, 3, 11.875 ], "texture": "#main" }, 
                "south": { "uv": [ 3.5, 11.125, 3.25, 11.875 ], "texture": "#main" }, 
                "west":  { "uv": [ 2.75, 11.125, 2.5, 11.875 ], "texture": "#main" }, 
                "up":    { "uv": [ 2.75, 10.875, 3, 11.125 ], "texture": "#main" }, 
                "down":  { "uv": [ 3, 10.875, 3.25, 11.125 ], "texture": "#main" }
            }
        }, 
        {
            "name": "leftarm", 
            "from": [ 12, -4, 6 ], 
            "to":   [ 16, 8, 10 ], 
            "rotation": { "angle": -22.5, "axis": "x", "origin": [14, 6, 8] }, 
            "faces": {
                "north": { "uv": [ 2.75, 11.125, 3, 11.875 ], "texture": "#main" }, 
                "east":  { "uv": [ 2.5, 11.125, 2.75, 11.875 ], "texture": "#main" }, 
                "south": { "uv": [ 3.25, 11.125, 3.5, 11.875 ], "texture": "#main" }, 
                "west":  { "uv": [ 3, 11.125, 3.25, 11.875 ], "texture": "#main" }, 
                "up":    { "uv": [ 3, 10.875, 2.75, 11.125 ], "texture": "#main" }, 
                "down":  { "uv": [ 3.25, 10.875, 3, 11.125 ], "texture": "#main" }
            }
        }, 
        {
            "name": "ironsword", 
            "from": [ 14, -10.08478, 4.39949 ], 
            "to":   [ 14, 1.91522, 16.39949 ], 
            "rotation": { "angle": 22.5, "axis": "x", "origin": [14, 6, 8] }, 
            "faces": {
                "north": { "uv": [ 2.875, 10, 3.6875, 10.8125 ], "texture": "#main" }, 
                "east":  { "uv": [ 4, 9, 5, 8 ], "texture": "#main" }, 
                "south": { "uv": [ 2.875, 10, 3.6875, 10.8125 ], "texture": "#main" }, 
                "west":  { "uv": [ 5, 9, 4, 8 ], "texture": "#main" }, 
                "up":    { "uv": [ 2.875, 10, 3.6875, 10.8125 ], "texture": "#main" }, 
                "down":  { "uv": [ 2.875, 10, 3.6875, 10.8125 ], "texture": "#main" }
            }
        }
    ], 
    "display": {
        "head": {
            "translation": [ 0, -4.9, 0 ], 
            "scale": [ 1.6, 1.6, 1.6 ]
        }
    }, 
    "groups": [
        {
            "name": "head", 
            "origin": [
                0, 
                24, 
                0
            ], 
            "color": 0, 
            "shade": false, 
            "children": [
                0
            ]
        }, 
        {
            "name": "nose", 
            "origin": [
                0, 
                26, 
                0
            ], 
            "color": 0, 
            "shade": false, 
            "children": [
                1
            ]
        }, 
        {
            "name": "body", 
            "origin": [
                0, 
                24, 
                0
            ], 
            "color": 0, 
            "shade": false, 
            "children": [
                2, 
                3
            ]
        }, 
        {
            "name": "leg0", 
            "origin": [
                -2, 
                12, 
                0
            ], 
            "color": 0, 
            "shade": false, 
            "children": [
                4
            ]
        }, 
        {
            "name": "leg1", 
            "origin": [
                2, 
                12, 
                0
            ], 
            "color": 0, 
            "shade": false, 
            "children": [
                5
            ]
        }, 
        {
            "name": "rightarm", 
            "origin": [
                -5, 
                22, 
                0
            ], 
            "color": 0, 
            "shade": false, 
            "children": [
                6
            ]
        }, 
        {
            "name": "leftarm", 
            "origin": [
                5, 
                22, 
                0
            ], 
            "color": 0, 
            "shade": false, 
            "children": [
                7, 
                8
            ]
        }
    ], 
    "__comment": "Model animated using Fizzy's model animator - http://fizzy81.github.io/animated-models/"
}