{
	"credit": "Made with Blockbench",
	"texture_size": [48, 48],
	"textures": {
		"0": "splashes:water_splash_anim",
		"1": "splashes:water_ripple",
		"particle": "splashes:water_splash_anim"
	},
	"elements": [
		{
			"from": [-4.61265, -13.44, -4.61265],
			"to": [-4.61265, 9.21977, 20.61265],
			"rotation": {"angle": 0, "axis": "y", "origin": [8, -68.22632, 8]},
			"faces": {
				"north": {"uv": [0, 10.85714, 4, 16], "texture": "#0"},
				"east": {"uv": [8, 10.85714, 12, 16], "texture": "#0"},
				"south": {"uv": [4, 10.85714, 8, 16], "texture": "#0"},
				"west": {"uv": [12, 10.85714, 16, 16], "texture": "#0"},
				"up": {"uv": [12, 6.85714, 16, 11], "texture": "#0"},
				"down": {"uv": [8, 6.85714, 12, 10.66667], "texture": "#0"}
			}
		},
		{
			"from": [-4.61265, -13.44, -4.61265],
			"to": [20.58735, -13.44, 20.61265],
			"rotation": {"angle": 0, "axis": "y", "origin": [8, -68.22632, 8]},
			"faces": {
				"north": {"uv": [8, 6.85714, 12, 10.66667], "texture": "#0"},
				"east": {"uv": [8, 6.85714, 12, 10.66667], "texture": "#0"},
				"south": {"uv": [8, 6.85714, 12, 10.66667], "texture": "#0"},
				"west": {"uv": [8, 6.85714, 12, 10.66667], "texture": "#0"},
				"up": {"uv": [8, 6.85714, 12, 10.66667], "texture": "#0"},
				"down": {"uv": [8, 6.85714, 12, 10.66667], "texture": "#0"}
			}
		},
		{
			"from": [-12.16, -13.44, -12.16],
			"to": [28.16, -13.44, 28.16],
			"rotation": {"angle": 0, "axis": "y", "origin": [8, -140.54622, 8]},
			"faces": {
				"north": {"uv": [0, 0, 16, 16], "texture": "#1"},
				"east": {"uv": [0, 0, 16, 16], "texture": "#1"},
				"south": {"uv": [0, 0, 16, 16], "texture": "#1"},
				"west": {"uv": [0, 0, 16, 16], "texture": "#1"},
				"up": {"uv": [0, 0, 16, 16], "texture": "#1"},
				"down": {"uv": [0, 0, 16, 16], "texture": "#1"}
			}
		},
		{
			"from": [20.61265, -13.44, -4.61265],
			"to": [20.61265, 9.21977, 20.61265],
			"rotation": {"angle": 0, "axis": "y", "origin": [8, -68.22632, 8]},
			"faces": {
				"north": {"uv": [0, 10.85714, 4, 16], "texture": "#0"},
				"east": {"uv": [8, 10.85714, 12, 16], "texture": "#0"},
				"south": {"uv": [4, 10.85714, 8, 16], "texture": "#0"},
				"west": {"uv": [12, 10.85714, 16, 16], "texture": "#0"},
				"up": {"uv": [12, 6.85714, 16, 11], "texture": "#0"},
				"down": {"uv": [8, 6.85714, 12, 10.66667], "texture": "#0"}
			}
		},
		{
			"from": [-4.61265, -13.44, 20.61265],
			"to": [20.61265, 9.21977, 20.61265],
			"rotation": {"angle": 0, "axis": "y", "origin": [8, -68.22632, 8]},
			"faces": {
				"north": {"uv": [0, 10.85714, 4, 16], "texture": "#0"},
				"east": {"uv": [8, 10.85714, 12, 16], "texture": "#0"},
				"south": {"uv": [4, 10.85714, 8, 16], "texture": "#0"},
				"west": {"uv": [12, 10.85714, 16, 16], "texture": "#0"},
				"up": {"uv": [12, 6.85714, 16, 11], "texture": "#0"},
				"down": {"uv": [8, 6.85714, 12, 10.66667], "texture": "#0"}
			}
		},
		{
			"from": [-4.61265, -13.44, -4.61265],
			"to": [20.61265, 9.21977, -4.61265],
			"rotation": {"angle": 0, "axis": "y", "origin": [8, -68.22632, 8]},
			"faces": {
				"north": {"uv": [0, 10.85714, 4, 16], "texture": "#0"},
				"east": {"uv": [8, 10.85714, 12, 16], "texture": "#0"},
				"south": {"uv": [4, 10.85714, 8, 16], "texture": "#0"},
				"west": {"uv": [12, 10.85714, 16, 16], "texture": "#0"},
				"up": {"uv": [12, 6.85714, 16, 11], "texture": "#0"},
				"down": {"uv": [8, 6.85714, 12, 10.66667], "texture": "#0"}
			}
		},
		{
			"from": [0.77143, -13.44, 0.77143],
			"to": [0.77143, 32, 15.22857],
			"rotation": {"angle": 0, "axis": "y", "origin": [8, -55.72022, 8]},
			"faces": {
				"north": {"uv": [12, 11.19048, 16, 16], "texture": "#0"},
				"east": {"uv": [12, 11.19048, 16, 16], "texture": "#0"},
				"south": {"uv": [12, 11.19048, 16, 16], "texture": "#0"},
				"west": {"uv": [12, 11.19048, 16, 16], "texture": "#0"},
				"up": {"uv": [12, 11.19048, 16, 16], "texture": "#0"},
				"down": {"uv": [12, 11.19048, 16, 16], "texture": "#0"}
			}
		},
		{
			"from": [0.77143, -13.44, 15.22857],
			"to": [15.22857, 32, 15.22857],
			"rotation": {"angle": 0, "axis": "y", "origin": [8, -55.72022, 8]},
			"faces": {
				"north": {"uv": [4, 11.19048, 8, 16], "texture": "#0"},
				"east": {"uv": [4, 11.19048, 8, 16], "texture": "#0"},
				"south": {"uv": [4, 11.19048, 8, 16], "texture": "#0"},
				"west": {"uv": [4, 11.19048, 8, 16], "texture": "#0"},
				"up": {"uv": [4, 11.19048, 8, 16], "texture": "#0"},
				"down": {"uv": [4, 11.19048, 8, 16], "texture": "#0"}
			}
		},
		{
			"from": [0.77143, -13.44, 0.77143],
			"to": [15.22857, 32, 0.77143],
			"rotation": {"angle": 0, "axis": "y", "origin": [8, -55.72022, 8]},
			"faces": {
				"north": {"uv": [8, 11.19048, 12, 16], "texture": "#0"},
				"east": {"uv": [8, 11.19048, 12, 16], "texture": "#0"},
				"south": {"uv": [8, 11.19048, 12, 16], "texture": "#0"},
				"west": {"uv": [8, 11.19048, 12, 16], "texture": "#0"},
				"up": {"uv": [8, 11.19048, 12, 16], "texture": "#0"},
				"down": {"uv": [8, 11.19048, 12, 16], "texture": "#0"}
			}
		},
		{
			"from": [15.22857, -13.44, 0.77143],
			"to": [15.22857, 32, 15.22857],
			"rotation": {"angle": 0, "axis": "y", "origin": [8, -55.72022, 8]},
			"faces": {
				"north": {"uv": [0, 11.19048, 4, 16], "texture": "#0"},
				"east": {"uv": [0, 11.19048, 4, 16], "texture": "#0"},
				"south": {"uv": [0, 11.19048, 4, 16], "texture": "#0"},
				"west": {"uv": [0, 11.19048, 4, 16], "texture": "#0"},
				"up": {"uv": [0, 11.19048, 4, 16], "texture": "#0"},
				"down": {"uv": [0, 11.19048, 4, 16], "texture": "#0"}
			}
		}
	],
	"display": {
		"thirdperson_righthand": {
			"scale": [0, 0, 0]
		},
		"thirdperson_lefthand": {
			"scale": [0, 0, 0]
		},
		"firstperson_righthand": {
			"scale": [0, 0, 0]
		},
		"firstperson_lefthand": {
			"scale": [0, 0, 0]
		},
		"ground": {
			"scale": [0, 0, 0]
		},
		"gui": {
			"rotation": [30, 225, 0],
			"translation": [0, -13.5, 0],
			"scale": [0.625, 0.625, 0.625]
		},
		"head": {
			"translation": [0, 32, 0],
			"scale": [2.5, 3.5, 2.5]
		},
		"fixed": {
			"translation": [0, 3, 0],
			"scale": [0.5, 0.5, 0.5]
		}
	}
}