{
	"credit": "Made with Blockbench",
	"texture_size": [48, 48],
	"textures": {
		"0": "splashes:water_splash_anim",
		"1": "splashes:water_ripple",
		"particle": "splashes:water_splash_anim"
	},
	"elements": [
		{
			"from": [4.4, -11, 4.4],
			"to": [11.6, 5, 4.4],
			"rotation": {"angle": 0, "axis": "y", "origin": [8, -37, 8]},
			"faces": {
				"north": {"uv": [0, 10.85714, 4, 16], "texture": "#0"},
				"east": {"uv": [8, 10.85714, 12, 16], "texture": "#0"},
				"south": {"uv": [4, 10.85714, 8, 16], "texture": "#0"},
				"west": {"uv": [12, 10.85714, 16, 16], "texture": "#0"},
				"up": {"uv": [12, 6.85714, 16, 11], "texture": "#0"},
				"down": {"uv": [8, 6.85714, 12, 10.66667], "texture": "#0"}
			}
		},
		{
			"from": [4.4, -11, 11.6],
			"to": [11.6, 5, 11.6],
			"rotation": {"angle": 0, "axis": "y", "origin": [8, -37, 8]},
			"faces": {
				"north": {"uv": [0, 10.85714, 4, 16], "texture": "#0"},
				"east": {"uv": [8, 10.85714, 12, 16], "texture": "#0"},
				"south": {"uv": [4, 10.85714, 8, 16], "texture": "#0"},
				"west": {"uv": [12, 10.85714, 16, 16], "texture": "#0"},
				"up": {"uv": [12, 6.85714, 16, 11], "texture": "#0"},
				"down": {"uv": [8, 6.85714, 12, 10.66667], "texture": "#0"}
			}
		},
		{
			"from": [4.4, -11, 4.4],
			"to": [4.4, 5, 11.6],
			"rotation": {"angle": 0, "axis": "y", "origin": [8, -37, 8]},
			"faces": {
				"north": {"uv": [0, 10.85714, 4, 16], "texture": "#0"},
				"east": {"uv": [8, 10.85714, 12, 16], "texture": "#0"},
				"south": {"uv": [4, 10.85714, 8, 16], "texture": "#0"},
				"west": {"uv": [12, 10.85714, 16, 16], "texture": "#0"},
				"up": {"uv": [12, 6.85714, 16, 11], "texture": "#0"},
				"down": {"uv": [8, 6.85714, 12, 10.66667], "texture": "#0"}
			}
		},
		{
			"from": [11.6, -11, 4.4],
			"to": [11.6, 5, 11.6],
			"rotation": {"angle": 0, "axis": "y", "origin": [8, -37, 8]},
			"faces": {
				"north": {"uv": [0, 10.85714, 4, 16], "texture": "#0"},
				"east": {"uv": [8, 10.85714, 12, 16], "texture": "#0"},
				"south": {"uv": [4, 10.85714, 8, 16], "texture": "#0"},
				"west": {"uv": [12, 10.85714, 16, 16], "texture": "#0"},
				"up": {"uv": [12, 6.85714, 16, 11], "texture": "#0"},
				"down": {"uv": [8, 6.85714, 12, 10.66667], "texture": "#0"}
			}
		},
		{
			"from": [4.6, -11, 4.4],
			"to": [11.6, -11, 11.6],
			"rotation": {"angle": 0, "axis": "y", "origin": [8, -37, 8]},
			"faces": {
				"north": {"uv": [8, 6.85714, 12, 10.66667], "texture": "#0"},
				"east": {"uv": [8, 6.85714, 12, 10.66667], "texture": "#0"},
				"south": {"uv": [8, 6.85714, 12, 10.66667], "texture": "#0"},
				"west": {"uv": [8, 6.85714, 12, 10.66667], "texture": "#0"},
				"up": {"uv": [8, 6.85714, 12, 10.66667], "texture": "#0"},
				"down": {"uv": [8, 6.66667, 12, 10.66667], "texture": "#0"}
			}
		},
		{
			"from": [0.928, -11, 0.512],
			"to": [15.488, -11, 15.488],
			"rotation": {"angle": 0, "axis": "y", "origin": [8, -76.96, 8]},
			"faces": {
				"north": {"uv": [0, 0, 16, 16], "texture": "#1"},
				"east": {"uv": [0, 0, 16, 16], "texture": "#1"},
				"south": {"uv": [0, 0, 16, 16], "texture": "#1"},
				"west": {"uv": [0, 0, 16, 16], "texture": "#1"},
				"up": {"uv": [0, 0, 16, 16], "texture": "#1"},
				"down": {"uv": [0, 0, 16, 16], "texture": "#1"}
			}
		},
		{
			"from": [5.12, -11, 5.12],
			"to": [10.88, 19, 5.12],
			"rotation": {"angle": 0, "axis": "y", "origin": [8, -37, 8]},
			"faces": {
				"north": {"uv": [8, 10.85714, 12, 16], "texture": "#0"},
				"east": {"uv": [4, 10.85714, 8, 16], "texture": "#0"},
				"south": {"uv": [12, 10.85714, 16, 16], "texture": "#0"},
				"west": {"uv": [0, 10.85714, 4, 16], "texture": "#0"},
				"up": {"uv": [12, 6.85714, 16, 10.66667], "texture": "#0"},
				"down": {"uv": [8, 6.85714, 12, 10.66667], "texture": "#0"}
			}
		},
		{
			"from": [5.12, -11, 5.12],
			"to": [5.12, 19, 10.88],
			"rotation": {"angle": 0, "axis": "y", "origin": [8, -37, 8]},
			"faces": {
				"north": {"uv": [8, 10.85714, 12, 16], "texture": "#0"},
				"east": {"uv": [4, 10.85714, 8, 16], "texture": "#0"},
				"south": {"uv": [12, 10.85714, 16, 16], "texture": "#0"},
				"west": {"uv": [0, 10.85714, 4, 16], "texture": "#0"},
				"up": {"uv": [12, 6.85714, 16, 10.66667], "texture": "#0"},
				"down": {"uv": [8, 6.85714, 12, 10.66667], "texture": "#0"}
			}
		},
		{
			"from": [10.88, -11, 5.12],
			"to": [10.88, 19, 10.88],
			"rotation": {"angle": 0, "axis": "y", "origin": [8, -37, 8]},
			"faces": {
				"north": {"uv": [8, 10.85714, 12, 16], "texture": "#0"},
				"east": {"uv": [4, 10.85714, 8, 16], "texture": "#0"},
				"south": {"uv": [12, 10.85714, 16, 16], "texture": "#0"},
				"west": {"uv": [0, 10.85714, 4, 16], "texture": "#0"},
				"up": {"uv": [12, 6.85714, 16, 10.66667], "texture": "#0"},
				"down": {"uv": [8, 6.85714, 12, 10.66667], "texture": "#0"}
			}
		},
		{
			"from": [5.12, -11, 10.88],
			"to": [10.88, 19, 10.88],
			"rotation": {"angle": 0, "axis": "y", "origin": [8, -37, 8]},
			"faces": {
				"north": {"uv": [8, 10.85714, 12, 16], "texture": "#0"},
				"east": {"uv": [4, 10.85714, 8, 16], "texture": "#0"},
				"south": {"uv": [12, 10.85714, 16, 16], "texture": "#0"},
				"west": {"uv": [0, 10.85714, 4, 16], "texture": "#0"},
				"up": {"uv": [12, 6.85714, 16, 10.66667], "texture": "#0"},
				"down": {"uv": [8, 6.85714, 12, 10.66667], "texture": "#0"}
			}
		}
	],
	"display": {
		"thirdperson_righthand": {
			"scale": [0, 0, 0]
		},
		"thirdperson_lefthand": {
			"scale": [0, 0, 0]
		},
		"firstperson_righthand": {
			"scale": [0, 0, 0]
		},
		"firstperson_lefthand": {
			"scale": [0, 0, 0]
		},
		"ground": {
			"scale": [0, 0, 0]
		},
		"gui": {
			"rotation": [30, 225, 0],
			"translation": [0, -13.5, 0],
			"scale": [0.625, 0.625, 0.625]
		},
		"head": {
			"translation": [0, -22.75, 0],
			"scale": [1.6, 1.07, 1.6]
		},
		"fixed": {
			"translation": [0, 3, 0],
			"scale": [0.5, 0.5, 0.5]
		}
	}
}