{
	"credit": "Made with Blockbench",
	"textures": {
		"0": "block/stripped_dark_oak_log",
		"1": "block/stripped_oak_log",
		"particle": "block/stripped_dark_oak_log"
	},
	"elements": [
		{
			"from": [14, -1, 5],
			"to": [16.05, 20, 7.05],
			"rotation": {"angle": 22.5, "axis": "x", "origin": [0, 0, 5]},
			"faces": {
				"north": {"uv": [0, 0, 2.05, 16], "texture": "#0"},
				"east": {"uv": [0, 0, 2.05, 16], "texture": "#0"},
				"south": {"uv": [0, 0, 2.05, 16], "texture": "#0"},
				"west": {"uv": [0, 0, 2.05, 16], "texture": "#0"},
				"up": {"uv": [0, 0, 2.05, 16], "texture": "#0"},
				"down": {"uv": [0, 0, 2.05, 16], "texture": "#0"}
			}
		},
		{
			"from": [0, -1, 5],
			"to": [2.05, 20, 7.05],
			"rotation": {"angle": 22.5, "axis": "x", "origin": [0, 0, 5]},
			"faces": {
				"north": {"uv": [0, 0, 2.05, 16], "texture": "#0"},
				"east": {"uv": [0, 0, 2.05, 16], "texture": "#0"},
				"south": {"uv": [0, 0, 2.05, 16], "texture": "#0"},
				"west": {"uv": [0, 0, 2.05, 16], "texture": "#0"},
				"up": {"uv": [0, 0, 2.05, 16], "texture": "#0"},
				"down": {"uv": [0, 0, 2.05, 16], "texture": "#0"}
			}
		},
		{
			"from": [2, 17, 13],
			"to": [14, 18, 14],
			"rotation": {"angle": 0, "axis": "y", "origin": [0, 0, 5]},
			"faces": {
				"north": {"uv": [0, 0, 12, 1], "texture": "#1"},
				"east": {"uv": [0, 0, 12, 1], "texture": "#1"},
				"south": {"uv": [0, 0, 12, 1], "texture": "#1"},
				"west": {"uv": [0, 0, 12, 1], "texture": "#1"},
				"up": {"uv": [0, 0, 12, 1], "texture": "#1"},
				"down": {"uv": [0, 0, 12, 1], "texture": "#1"}
			}
		},
		{
			"from": [0, 0, 13],
			"to": [1, 17, 14],
			"rotation": {"angle": 0, "axis": "y", "origin": [0, 0, 5]},
			"faces": {
				"north": {"uv": [0, 0, 1, 16], "texture": "#0"},
				"east": {"uv": [0, 0, 1, 16], "texture": "#0"},
				"south": {"uv": [0, 0, 1, 16], "texture": "#0"},
				"west": {"uv": [0, 0, 1, 16], "texture": "#0"},
				"up": {"uv": [0, 0, 1, 16], "texture": "#0"},
				"down": {"uv": [0, 0, 1, 16], "texture": "#0"}
			}
		},
		{
			"from": [15, 0, 13],
			"to": [16, 17, 14],
			"rotation": {"angle": 0, "axis": "y", "origin": [0, 0, 5]},
			"faces": {
				"north": {"uv": [0, 0, 1, 16], "texture": "#0"},
				"east": {"uv": [0, 0, 1, 16], "texture": "#0"},
				"south": {"uv": [0, 0, 1, 16], "texture": "#0"},
				"west": {"uv": [0, 0, 1, 16], "texture": "#0"},
				"up": {"uv": [0, 0, 1, 16], "texture": "#0"},
				"down": {"uv": [0, 0, 1, 16], "texture": "#0"}
			}
		}
	],
	"display": {
		"head": {
			"translation": [0, -32.75, 0],
			"scale": [1.5, 1.5, 1.5]
		}
	}
}