{
	"credit": "Made with Blockbench",
	"textures": {
		"0": "entity/villager_soldier/villager",
		"1": "entity/villager_soldier/type/snow",
		"2": "item/bow",
		"3": "entity/villager_soldier/profession/fletcher",
		"particle": "entity/villager_soldier/villager"
	},
	"elements": [
		{
			"from": [8, -3, 6],
			"to": [12, 9, 10],
			"rotation": {"angle": 0, "axis": "y", "origin": [0, -1, 0]},
			"faces": {
				"north": {"uv": [1, 6.5, 2, 9.5], "texture": "#1"},
				"east": {"uv": [0, 6.5, 1, 9.5], "texture": "#1"},
				"south": {"uv": [3, 6.5, 4, 9.5], "texture": "#1"},
				"west": {"uv": [2, 6.5, 3, 9.5], "texture": "#1"},
				"up": {"uv": [1, 5.5, 2, 6.5], "texture": "#1"},
				"down": {"uv": [2, 5.5, 3, 6.5], "texture": "#1"}
			}
		},
		{
			"from": [4, -3, 6],
			"to": [8, 9, 10],
			"rotation": {"angle": 0, "axis": "y", "origin": [0, -1, 0]},
			"faces": {
				"north": {"uv": [1, 6.5, 2, 9.5], "texture": "#1"},
				"east": {"uv": [0, 6.5, 1, 9.5], "texture": "#1"},
				"south": {"uv": [3, 6.5, 4, 9.5], "texture": "#1"},
				"west": {"uv": [2, 6.5, 3, 9.5], "texture": "#1"},
				"up": {"uv": [1, 5.5, 2, 6.5], "texture": "#1"},
				"down": {"uv": [2, 5.5, 3, 6.5], "texture": "#1"}
			}
		},
		{
			"from": [4, 9, 5],
			"to": [12, 21, 11],
			"rotation": {"angle": 0, "axis": "y", "origin": [0, -1, 0]},
			"faces": {
				"north": {"uv": [5.5, 6.5, 7.5, 9.5], "texture": "#0"},
				"east": {"uv": [4.25, 6.5, 5.75, 9.5], "texture": "#0"},
				"south": {"uv": [9, 6.5, 11, 9.5], "texture": "#0"},
				"west": {"uv": [7.25, 6.5, 8.75, 9.5], "texture": "#0"},
				"up": {"uv": [0, 0, 2, 1.5], "texture": "#0"},
				"down": {"uv": [7.5, 5, 9.5, 6.5], "texture": "#0"}
			}
		},
		{
			"from": [4, 9, 5],
			"to": [12, 21, 11],
			"rotation": {"angle": 0, "axis": "y", "origin": [0, -1, 0]},
			"faces": {
				"north": {"uv": [5.5, 6.5, 7.5, 9.5], "texture": "#1"},
				"east": {"uv": [4.25, 6.5, 5.75, 9.5], "texture": "#1"},
				"south": {"uv": [9, 6.5, 11, 9.5], "texture": "#1"},
				"west": {"uv": [7.25, 6.5, 8.75, 9.5], "texture": "#1"},
				"up": {"uv": [0, 0, 2, 1.5], "texture": "#1"},
				"down": {"uv": [7.5, 5, 9.5, 6.5], "texture": "#1"}
			}
		},
		{
			"from": [12, 8.5, 6],
			"to": [16, 20.5, 10],
			"rotation": {"angle": 0, "axis": "y", "origin": [0, -1.5, 0]},
			"faces": {
				"north": {"uv": [12, 5.5, 13, 8.5], "texture": "#1"},
				"east": {"uv": [13, 5.5, 14, 8.5], "texture": "#1"},
				"south": {"uv": [12.25, 5.5, 13.25, 8.5], "texture": "#1"},
				"west": {"uv": [2, 6.5, 3, 9.5], "texture": "#1"},
				"up": {"uv": [12, 5.5, 13, 6.5], "texture": "#1"},
				"down": {"uv": [10, 10.5, 11, 11.5], "texture": "#1"}
			}
		},
		{
			"from": [0, 8.5, 6],
			"to": [4, 20.5, 10],
			"rotation": {"angle": 0, "axis": "y", "origin": [0, -1.5, 0]},
			"faces": {
				"north": {"uv": [12, 5.5, 13, 8.5], "texture": "#1"},
				"east": {"uv": [0, 6.5, 1, 9.5], "texture": "#1"},
				"south": {"uv": [12.25, 5.5, 13.25, 8.5], "texture": "#1"},
				"west": {"uv": [13, 5.5, 14, 8.5], "texture": "#1"},
				"up": {"uv": [12, 5.5, 13, 6.5], "texture": "#1"},
				"down": {"uv": [10, 10.5, 11, 11.5], "rotation": 180, "texture": "#1"}
			}
		},
		{
			"from": [4, 21, 4],
			"to": [12, 31, 12],
			"rotation": {"angle": 0, "axis": "y", "origin": [0, -1, 0]},
			"faces": {
				"north": {"uv": [2, 2, 4, 4.5], "texture": "#0"},
				"east": {"uv": [0, 2, 2, 4.5], "texture": "#0"},
				"south": {"uv": [6, 2, 8, 4.5], "texture": "#0"},
				"west": {"uv": [4, 2, 6, 4.5], "texture": "#0"},
				"up": {"uv": [2, 0, 4, 2], "texture": "#0"},
				"down": {"uv": [4, 0, 6, 2], "texture": "#0"}
			}
		},
		{
			"from": [7, 20, 2],
			"to": [9, 24, 4],
			"rotation": {"angle": 0, "axis": "y", "origin": [0, -1, 0]},
			"faces": {
				"north": {"uv": [7.5, 0.5, 8, 1.5], "texture": "#0"},
				"east": {"uv": [6, 0.5, 6.5, 1.5], "texture": "#0"},
				"south": {"uv": [6.5, 0.5, 7, 1.5], "texture": "#0"},
				"west": {"uv": [7, 0.5, 7.5, 1.5], "texture": "#0"},
				"up": {"uv": [7, 0, 7.5, 0.5], "texture": "#0"},
				"down": {"uv": [6.5, 0, 7, 0.5], "texture": "#0"}
			}
		},
		{
			"from": [3.4, 3, 4.4],
			"to": [12.6, 21.5, 4.4],
			"rotation": {"angle": 0, "axis": "y", "origin": [0, -1, 0]},
			"faces": {
				"north": {"uv": [1.5, 11, 3.5, 15.5], "texture": "#3"},
				"east": {"uv": [0, 0, 0, 4.625], "texture": "#3"},
				"south": {"uv": [1.5, 11, 3.5, 15.5], "texture": "#3"},
				"west": {"uv": [0, 0, 0, 4.625], "texture": "#3"},
				"up": {"uv": [0, 0, 2.25, 0], "texture": "#3"},
				"down": {"uv": [0, 0, 2.25, 0], "texture": "#3"}
			}
		},
		{
			"from": [3.4, 3, 11.6],
			"to": [12.6, 21.5, 11.6],
			"rotation": {"angle": 0, "axis": "y", "origin": [0, -1, 0]},
			"faces": {
				"north": {"uv": [5, 11, 7, 15.5], "texture": "#3"},
				"east": {"uv": [0, 0, 0, 4.625], "texture": "#3"},
				"south": {"uv": [5, 11, 7, 15.5], "texture": "#3"},
				"west": {"uv": [0, 0, 0, 4.625], "texture": "#3"},
				"up": {"uv": [0, 0, 2.25, 0], "texture": "#3"},
				"down": {"uv": [0, 0, 2.25, 0], "texture": "#3"}
			}
		},
		{
			"from": [12.6, 3, 4.4],
			"to": [12.6, 21.5, 11.6],
			"rotation": {"angle": 0, "axis": "y", "origin": [8, 12, 11.5]},
			"faces": {
				"north": {"uv": [0, 0, 0, 4.625], "texture": "#3"},
				"east": {"uv": [0, 11, 1.5, 15.5], "texture": "#3"},
				"south": {"uv": [0, 0, 0, 4.625], "texture": "#3"},
				"west": {"uv": [0, 11, 1.5, 15.5], "texture": "#3"},
				"up": {"uv": [0, 0, 1.75, 0], "rotation": 90, "texture": "#3"},
				"down": {"uv": [0, 0, 1.75, 0], "rotation": 270, "texture": "#3"}
			}
		},
		{
			"from": [11.5, 21.5, 4.5],
			"to": [12.5, 21.5, 11.5],
			"rotation": {"angle": 0, "axis": "y", "origin": [8, 12, 11.5]},
			"faces": {
				"north": {"uv": [0, 0, 0.25, 0], "texture": "#3"},
				"east": {"uv": [0, 0, 1.75, 0], "texture": "#3"},
				"south": {"uv": [0, 0, 0.25, 0], "texture": "#3"},
				"west": {"uv": [0, 0, 1.75, 0], "texture": "#3"},
				"up": {"uv": [1.5, 9.75, 1.75, 11.25], "rotation": 90, "texture": "#3"},
				"down": {"uv": [1.5, 9.5, 1.75, 11], "rotation": 270, "texture": "#3"}
			}
		},
		{
			"from": [3.5, 21.5, 4.5],
			"to": [4.5, 21.5, 11.5],
			"rotation": {"angle": 0, "axis": "y", "origin": [8, 12, 11.5]},
			"faces": {
				"north": {"uv": [0, 0, 0.25, 0], "texture": "#3"},
				"east": {"uv": [0, 0, 1.75, 0], "texture": "#3"},
				"south": {"uv": [0, 0, 0.25, 0], "texture": "#3"},
				"west": {"uv": [0, 0, 1.75, 0], "texture": "#3"},
				"up": {"uv": [3.25, 9.5, 3.5, 11], "texture": "#3"},
				"down": {"uv": [3.25, 9.5, 3.5, 11], "rotation": 270, "texture": "#3"}
			}
		},
		{
			"from": [3.4, 3, 4.4],
			"to": [3.4, 21.5, 11.6],
			"rotation": {"angle": 0, "axis": "y", "origin": [8, 12, 11.5]},
			"faces": {
				"north": {"uv": [0, 0, 0, 4.625], "texture": "#3"},
				"east": {"uv": [3.5, 11, 5, 15.5], "texture": "#3"},
				"south": {"uv": [0, 0, 0, 4.625], "texture": "#3"},
				"west": {"uv": [3.5, 11, 5, 15.5], "texture": "#3"},
				"up": {"uv": [0, 0, 1.75, 0], "rotation": 90, "texture": "#3"},
				"down": {"uv": [0, 0, 1.75, 0], "rotation": 270, "texture": "#3"}
			}
		},
		{
			"from": [3.5, 21, 12.5],
			"to": [12.5, 31.5, 12.5],
			"rotation": {"angle": 0, "axis": "y", "origin": [0, -1, 0]},
			"faces": {
				"north": {"uv": [14, 2, 16, 4.5], "texture": "#3"},
				"east": {"uv": [8, 2, 10, 4.5], "texture": "#3"},
				"south": {"uv": [14, 2, 16, 4.5], "texture": "#3"},
				"west": {"uv": [12.25, 2, 14.25, 4.5], "texture": "#3"},
				"up": {"uv": [10, 0, 12, 2], "texture": "#3"},
				"down": {"uv": [4, 0, 6, 2], "texture": "#3"}
			}
		},
		{
			"from": [3.5, 21, 3.5],
			"to": [12.5, 31.5, 3.5],
			"rotation": {"angle": 0, "axis": "y", "origin": [0, -1, 0]},
			"faces": {
				"north": {"uv": [10, 2, 12, 4.5], "texture": "#3"},
				"east": {"uv": [8, 2, 10, 4.5], "texture": "#3"},
				"south": {"uv": [10, 2, 12, 4.5], "texture": "#3"},
				"west": {"uv": [12.25, 2, 14.25, 4.5], "texture": "#3"},
				"up": {"uv": [10, 0, 12, 2], "texture": "#3"},
				"down": {"uv": [4, 0, 6, 2], "texture": "#3"}
			}
		},
		{
			"from": [12.5, 21, 3.5],
			"to": [12.5, 31.5, 12.5],
			"rotation": {"angle": 0, "axis": "y", "origin": [8, 26.25, 8]},
			"faces": {
				"north": {"uv": [8, 2, 10, 4.5], "texture": "#3"},
				"east": {"uv": [8, 2, 10, 4.5], "texture": "#3"},
				"south": {"uv": [12.25, 2, 14.25, 4.5], "texture": "#3"},
				"west": {"uv": [14, 2, 16, 4.5], "texture": "#3"},
				"up": {"uv": [10, 0, 12, 2], "rotation": 270, "texture": "#3"},
				"down": {"uv": [4, 0, 6, 2], "rotation": 90, "texture": "#3"}
			}
		},
		{
			"from": [3.5, 21, 3.5],
			"to": [3.5, 31.5, 12.5],
			"rotation": {"angle": 0, "axis": "y", "origin": [8, 26.25, 8]},
			"faces": {
				"north": {"uv": [8, 2, 10, 4.5], "texture": "#3"},
				"east": {"uv": [14.25, 2, 12.25, 4.5], "texture": "#3"},
				"south": {"uv": [12.25, 2, 14.25, 4.5], "texture": "#3"},
				"west": {"uv": [12.25, 2, 14.25, 4.5], "texture": "#3"},
				"up": {"uv": [10, 0, 12, 2], "rotation": 270, "texture": "#3"},
				"down": {"uv": [4, 0, 6, 2], "rotation": 90, "texture": "#3"}
			}
		},
		{
			"from": [4, 21, 4],
			"to": [12, 31, 12],
			"rotation": {"angle": 0, "axis": "y", "origin": [0, -1, 0]},
			"faces": {
				"north": {"uv": [2, 2, 4, 4.5], "texture": "#3"},
				"east": {"uv": [0, 2, 2, 4.5], "texture": "#3"},
				"south": {"uv": [6, 2, 8, 4.5], "texture": "#3"},
				"west": {"uv": [4, 2, 6, 4.5], "texture": "#3"},
				"up": {"uv": [2, 0, 4, 2], "texture": "#3"},
				"down": {"uv": [4, 0, 6, 2], "texture": "#3"}
			}
		},
		{
			"from": [3.5, 3, 4.5],
			"to": [12.5, 21.5, 4.5],
			"rotation": {"angle": 0, "axis": "y", "origin": [0, -1, 0]},
			"faces": {
				"north": {"uv": [1.5, 11, 3.5, 15.5], "texture": "#1"},
				"east": {"uv": [0, 0, 0, 4.625], "texture": "#1"},
				"south": {"uv": [1.5, 11, 3.5, 15.5], "texture": "#1"},
				"west": {"uv": [0, 0, 0, 4.625], "texture": "#1"},
				"up": {"uv": [0, 0, 2.25, 0], "texture": "#1"},
				"down": {"uv": [0, 0, 2.25, 0], "texture": "#1"}
			}
		},
		{
			"from": [3.5, 3, 11.5],
			"to": [12.5, 21.5, 11.5],
			"rotation": {"angle": 0, "axis": "y", "origin": [0, -1, 0]},
			"faces": {
				"north": {"uv": [5, 11, 7, 15.5], "texture": "#1"},
				"east": {"uv": [0, 0, 0, 4.625], "texture": "#1"},
				"south": {"uv": [5, 11, 7, 15.5], "texture": "#1"},
				"west": {"uv": [0, 0, 0, 4.625], "texture": "#1"},
				"up": {"uv": [0, 0, 2.25, 0], "texture": "#1"},
				"down": {"uv": [0, 0, 2.25, 0], "texture": "#1"}
			}
		},
		{
			"from": [12.5, 3, 4.5],
			"to": [12.5, 21.5, 11.5],
			"rotation": {"angle": 0, "axis": "y", "origin": [8, 12, 11.5]},
			"faces": {
				"north": {"uv": [0, 0, 0, 4.625], "texture": "#1"},
				"east": {"uv": [0, 11, 1.5, 15.5], "texture": "#1"},
				"south": {"uv": [0, 0, 0, 4.625], "texture": "#1"},
				"west": {"uv": [0, 11, 1.5, 15.5], "texture": "#1"},
				"up": {"uv": [0, 0, 1.75, 0], "rotation": 90, "texture": "#1"},
				"down": {"uv": [0, 0, 1.75, 0], "rotation": 270, "texture": "#1"}
			}
		},
		{
			"from": [11.5, 21.5, 4.5],
			"to": [12.5, 21.5, 11.5],
			"rotation": {"angle": 0, "axis": "y", "origin": [8, 12, 11.5]},
			"faces": {
				"north": {"uv": [0, 0, 0.25, 0], "texture": "#1"},
				"east": {"uv": [0, 0, 1.75, 0], "texture": "#1"},
				"south": {"uv": [0, 0, 0.25, 0], "texture": "#1"},
				"west": {"uv": [0, 0, 1.75, 0], "texture": "#1"},
				"up": {"uv": [1.5, 9.75, 1.75, 11.25], "rotation": 90, "texture": "#1"},
				"down": {"uv": [1.5, 9.5, 1.75, 11], "rotation": 270, "texture": "#1"}
			}
		},
		{
			"from": [3.5, 21.5, 4.5],
			"to": [4.5, 21.5, 11.5],
			"rotation": {"angle": 0, "axis": "y", "origin": [8, 12, 11.5]},
			"faces": {
				"north": {"uv": [0, 0, 0.25, 0], "texture": "#1"},
				"east": {"uv": [0, 0, 1.75, 0], "texture": "#1"},
				"south": {"uv": [0, 0, 0.25, 0], "texture": "#1"},
				"west": {"uv": [0, 0, 1.75, 0], "texture": "#1"},
				"up": {"uv": [3.25, 9.5, 3.5, 11], "texture": "#1"},
				"down": {"uv": [3.25, 9.5, 3.5, 11], "rotation": 270, "texture": "#1"}
			}
		},
		{
			"from": [3.5, 3, 4.5],
			"to": [3.5, 21.5, 11.5],
			"rotation": {"angle": 0, "axis": "y", "origin": [8, 12, 11.5]},
			"faces": {
				"north": {"uv": [0, 0, 0, 4.625], "texture": "#1"},
				"east": {"uv": [3.5, 11, 5, 15.5], "texture": "#1"},
				"south": {"uv": [0, 0, 0, 4.625], "texture": "#1"},
				"west": {"uv": [3.5, 11, 5, 15.5], "texture": "#1"},
				"up": {"uv": [0, 0, 1.75, 0], "rotation": 90, "texture": "#1"},
				"down": {"uv": [0, 0, 1.75, 0], "rotation": 270, "texture": "#1"}
			}
		},
		{
			"from": [13.77273, 7.54545, 1.02273],
			"to": [14.77273, 11.54545, 4.02273],
			"rotation": {"angle": -45, "axis": "x", "origin": [12.27273, 7.77273, 0.5]},
			"faces": {
				"north": {"uv": [11, 1, 15, 2], "rotation": 90, "texture": "#2"},
				"east": {"uv": [11, 1, 15, 4], "rotation": 90, "texture": "#2"},
				"south": {"uv": [11, 3, 15, 4], "rotation": 90, "texture": "#2"},
				"west": {"uv": [11, 1, 15, 4], "rotation": 270, "texture": "#2"},
				"up": {"uv": [14, 1, 15, 4], "texture": "#2"},
				"down": {"uv": [8, 2, 9, 3], "rotation": 180, "texture": "#2"}
			}
		},
		{
			"from": [13.77273, 4.54545, 2.02273],
			"to": [14.77273, 7.54545, 5.02273],
			"rotation": {"angle": -45, "axis": "x", "origin": [12.27273, 7.77273, 0.5]},
			"faces": {
				"north": {"uv": [8, 2, 11, 3], "rotation": 90, "texture": "#2"},
				"east": {"uv": [8, 2, 11, 5], "rotation": 90, "texture": "#2"},
				"south": {"uv": [8, 4, 11, 5], "rotation": 90, "texture": "#2"},
				"west": {"uv": [8, 2, 11, 5], "rotation": 270, "texture": "#2"},
				"up": {"uv": [11, 3, 12, 4], "texture": "#2"},
				"down": {"uv": [7, 3, 8, 4], "rotation": 180, "texture": "#2"}
			}
		},
		{
			"from": [13.77273, 2.54545, 3.02273],
			"to": [14.77273, 4.54545, 6.02273],
			"rotation": {"angle": -45, "axis": "x", "origin": [12.27273, 7.77273, 0.5]},
			"faces": {
				"north": {"uv": [6, 3, 8, 4], "rotation": 90, "texture": "#2"},
				"east": {"uv": [6, 3, 8, 6], "rotation": 90, "texture": "#2"},
				"south": {"uv": [7, 5, 8, 6], "rotation": 90, "texture": "#2"},
				"west": {"uv": [6, 3, 8, 6], "rotation": 270, "texture": "#2"},
				"up": {"uv": [7, 3, 8, 6], "texture": "#2"},
				"down": {"uv": [8, 2, 11, 3], "rotation": 180, "texture": "#2"}
			}
		},
		{
			"from": [13.77273, 1.54545, 4.02273],
			"to": [14.77273, 2.54545, 5.02273],
			"rotation": {"angle": -45, "axis": "x", "origin": [12.27273, 7.77273, 0.5]},
			"faces": {
				"north": {"uv": [5, 4, 6, 5], "rotation": 90, "texture": "#2"},
				"east": {"uv": [5, 4, 6, 5], "rotation": 90, "texture": "#2"},
				"south": {"uv": [0, 0, 1, 1], "rotation": 90, "texture": "#2"},
				"west": {"uv": [5, 4, 6, 5], "rotation": 270, "texture": "#2"},
				"up": {"uv": [0, 0, 1, 1], "texture": "#2"},
				"down": {"uv": [5, 4, 6, 5], "rotation": 180, "texture": "#2"}
			}
		},
		{
			"from": [13.77273, 1.54545, 5.02273],
			"to": [14.77273, 2.54545, 6.02273],
			"rotation": {"angle": -45, "axis": "x", "origin": [12.27273, 7.77273, 0.5]},
			"faces": {
				"north": {"uv": [0, 0, 1, 1], "rotation": 90, "texture": "#2"},
				"east": {"uv": [5, 5, 6, 6], "rotation": 90, "texture": "#2"},
				"south": {"uv": [0, 0, 1, 1], "rotation": 90, "texture": "#2"},
				"west": {"uv": [5, 5, 6, 6], "rotation": 270, "texture": "#2"},
				"up": {"uv": [0, 0, 1, 1], "texture": "#2"},
				"down": {"uv": [0, 0, 1, 1], "rotation": 180, "texture": "#2"}
			}
		},
		{
			"from": [13.77273, 0.54545, 5.02273],
			"to": [14.77273, 1.54545, 6.02273],
			"rotation": {"angle": -45, "axis": "x", "origin": [12.27273, 7.77273, 0.5]},
			"faces": {
				"north": {"uv": [5, 4, 6, 5], "rotation": 90, "texture": "#2"},
				"east": {"uv": [4, 5, 5, 6], "rotation": 90, "texture": "#2"},
				"south": {"uv": [0, 0, 1, 1], "rotation": 90, "texture": "#2"},
				"west": {"uv": [4, 5, 5, 6], "rotation": 270, "texture": "#2"},
				"up": {"uv": [0, 0, 1, 1], "texture": "#2"},
				"down": {"uv": [4, 5, 5, 6], "rotation": 180, "texture": "#2"}
			}
		},
		{
			"from": [13.77273, 2.54545, 6.02273],
			"to": [14.77273, 3.54545, 7.02273],
			"rotation": {"angle": -45, "axis": "x", "origin": [12.27273, 7.77273, 0.5]},
			"faces": {
				"north": {"uv": [0, 0, 1, 1], "rotation": 90, "texture": "#2"},
				"east": {"uv": [6, 6, 7, 7], "rotation": 90, "texture": "#2"},
				"south": {"uv": [6, 6, 7, 7], "rotation": 90, "texture": "#2"},
				"west": {"uv": [6, 6, 7, 7], "rotation": 270, "texture": "#2"},
				"up": {"uv": [6, 6, 7, 7], "texture": "#2"},
				"down": {"uv": [0, 0, 1, 1], "rotation": 180, "texture": "#2"}
			}
		},
		{
			"from": [13.77273, 9.54545, 4.02273],
			"to": [14.77273, 10.54545, 5.02273],
			"rotation": {"angle": -45, "axis": "x", "origin": [12.27273, 7.77273, 0.5]},
			"faces": {
				"north": {"uv": [13, 4, 14, 5], "rotation": 90, "texture": "#2"},
				"east": {"uv": [13, 4, 14, 5], "rotation": 90, "texture": "#2"},
				"south": {"uv": [13, 4, 14, 5], "rotation": 90, "texture": "#2"},
				"west": {"uv": [13, 4, 14, 5], "rotation": 270, "texture": "#2"},
				"up": {"uv": [13, 4, 14, 5], "texture": "#2"},
				"down": {"uv": [13, 4, 14, 5], "rotation": 180, "texture": "#2"}
			}
		},
		{
			"from": [13.77273, 8.54545, 5.02273],
			"to": [14.77273, 9.54545, 6.02273],
			"rotation": {"angle": -45, "axis": "x", "origin": [12.27273, 7.77273, 0.5]},
			"faces": {
				"north": {"uv": [13, 4, 14, 5], "rotation": 90, "texture": "#2"},
				"east": {"uv": [13, 4, 14, 5], "rotation": 90, "texture": "#2"},
				"south": {"uv": [13, 4, 14, 5], "rotation": 90, "texture": "#2"},
				"west": {"uv": [13, 4, 14, 5], "rotation": 270, "texture": "#2"},
				"up": {"uv": [13, 4, 14, 5], "texture": "#2"},
				"down": {"uv": [13, 4, 14, 5], "rotation": 180, "texture": "#2"}
			}
		},
		{
			"from": [13.77273, 7.54545, 6.02273],
			"to": [14.77273, 8.54545, 7.02273],
			"rotation": {"angle": -45, "axis": "x", "origin": [12.27273, 7.77273, 0.5]},
			"faces": {
				"north": {"uv": [13, 4, 14, 5], "rotation": 90, "texture": "#2"},
				"east": {"uv": [13, 4, 14, 5], "rotation": 90, "texture": "#2"},
				"south": {"uv": [13, 4, 14, 5], "rotation": 90, "texture": "#2"},
				"west": {"uv": [13, 4, 14, 5], "rotation": 270, "texture": "#2"},
				"up": {"uv": [13, 4, 14, 5], "texture": "#2"},
				"down": {"uv": [13, 4, 14, 5], "rotation": 180, "texture": "#2"}
			}
		},
		{
			"from": [13.77273, 6.54545, 7.02273],
			"to": [14.77273, 7.54545, 8.02273],
			"rotation": {"angle": -45, "axis": "x", "origin": [12.27273, 7.77273, 0.5]},
			"faces": {
				"north": {"uv": [13, 4, 14, 5], "rotation": 90, "texture": "#2"},
				"east": {"uv": [13, 4, 14, 5], "rotation": 90, "texture": "#2"},
				"south": {"uv": [13, 4, 14, 5], "rotation": 90, "texture": "#2"},
				"west": {"uv": [13, 4, 14, 5], "rotation": 270, "texture": "#2"},
				"up": {"uv": [13, 4, 14, 5], "texture": "#2"},
				"down": {"uv": [13, 4, 14, 5], "rotation": 180, "texture": "#2"}
			}
		},
		{
			"from": [13.77273, 5.54545, 8.02273],
			"to": [14.77273, 6.54545, 9.02273],
			"rotation": {"angle": -45, "axis": "x", "origin": [12.27273, 7.77273, 0.5]},
			"faces": {
				"north": {"uv": [13, 4, 14, 5], "rotation": 90, "texture": "#2"},
				"east": {"uv": [13, 4, 14, 5], "rotation": 90, "texture": "#2"},
				"south": {"uv": [13, 4, 14, 5], "rotation": 90, "texture": "#2"},
				"west": {"uv": [13, 4, 14, 5], "rotation": 270, "texture": "#2"},
				"up": {"uv": [13, 4, 14, 5], "texture": "#2"},
				"down": {"uv": [13, 4, 14, 5], "rotation": 180, "texture": "#2"}
			}
		},
		{
			"from": [13.77273, 4.54545, 9.02273],
			"to": [14.77273, 5.54545, 10.02273],
			"rotation": {"angle": -45, "axis": "x", "origin": [12.27273, 7.77273, 0.5]},
			"faces": {
				"north": {"uv": [13, 4, 14, 5], "rotation": 90, "texture": "#2"},
				"east": {"uv": [13, 4, 14, 5], "rotation": 90, "texture": "#2"},
				"south": {"uv": [13, 4, 14, 5], "rotation": 90, "texture": "#2"},
				"west": {"uv": [13, 4, 14, 5], "rotation": 270, "texture": "#2"},
				"up": {"uv": [13, 4, 14, 5], "texture": "#2"},
				"down": {"uv": [13, 4, 14, 5], "rotation": 180, "texture": "#2"}
			}
		},
		{
			"from": [13.77273, 3.54545, 10.02273],
			"to": [14.77273, 4.54545, 11.02273],
			"rotation": {"angle": -45, "axis": "x", "origin": [12.27273, 7.77273, 0.5]},
			"faces": {
				"north": {"uv": [13, 4, 14, 5], "rotation": 90, "texture": "#2"},
				"east": {"uv": [13, 4, 14, 5], "rotation": 90, "texture": "#2"},
				"south": {"uv": [13, 4, 14, 5], "rotation": 90, "texture": "#2"},
				"west": {"uv": [13, 4, 14, 5], "rotation": 270, "texture": "#2"},
				"up": {"uv": [13, 4, 14, 5], "texture": "#2"},
				"down": {"uv": [13, 4, 14, 5], "rotation": 180, "texture": "#2"}
			}
		},
		{
			"from": [13.77273, 2.54545, 11.02273],
			"to": [14.77273, 3.54545, 12.02273],
			"rotation": {"angle": -45, "axis": "x", "origin": [12.27273, 7.77273, 0.5]},
			"faces": {
				"north": {"uv": [13, 4, 14, 5], "rotation": 90, "texture": "#2"},
				"east": {"uv": [13, 4, 14, 5], "rotation": 90, "texture": "#2"},
				"south": {"uv": [13, 4, 14, 5], "rotation": 90, "texture": "#2"},
				"west": {"uv": [13, 4, 14, 5], "rotation": 270, "texture": "#2"},
				"up": {"uv": [13, 4, 14, 5], "texture": "#2"},
				"down": {"uv": [13, 4, 14, 5], "rotation": 180, "texture": "#2"}
			}
		},
		{
			"from": [13.77273, 1.54545, 12.02273],
			"to": [14.77273, 2.54545, 13.02273],
			"rotation": {"angle": -45, "axis": "x", "origin": [12.27273, 7.77273, 0.5]},
			"faces": {
				"north": {"uv": [13, 4, 14, 5], "rotation": 90, "texture": "#2"},
				"east": {"uv": [13, 4, 14, 5], "rotation": 90, "texture": "#2"},
				"south": {"uv": [13, 4, 14, 5], "rotation": 90, "texture": "#2"},
				"west": {"uv": [13, 4, 14, 5], "rotation": 270, "texture": "#2"},
				"up": {"uv": [13, 4, 14, 5], "texture": "#2"},
				"down": {"uv": [13, 4, 14, 5], "rotation": 180, "texture": "#2"}
			}
		},
		{
			"from": [13.77273, 0.54545, 13.02273],
			"to": [14.77273, 1.54545, 14.02273],
			"rotation": {"angle": -45, "axis": "x", "origin": [12.27273, 7.77273, 0.5]},
			"faces": {
				"north": {"uv": [13, 4, 14, 5], "rotation": 90, "texture": "#2"},
				"east": {"uv": [13, 4, 14, 5], "rotation": 90, "texture": "#2"},
				"south": {"uv": [13, 4, 14, 5], "rotation": 90, "texture": "#2"},
				"west": {"uv": [13, 4, 14, 5], "rotation": 270, "texture": "#2"},
				"up": {"uv": [13, 4, 14, 5], "texture": "#2"},
				"down": {"uv": [13, 4, 14, 5], "rotation": 180, "texture": "#2"}
			}
		},
		{
			"from": [13.77273, -1.45455, 15.02273],
			"to": [14.77273, -0.45455, 16.02273],
			"rotation": {"angle": -45, "axis": "x", "origin": [12.27273, 7.77273, 0.5]},
			"faces": {
				"north": {"uv": [15, 2, 16, 3], "texture": "#2"},
				"east": {"uv": [15, 2, 16, 3], "texture": "#2"},
				"south": {"uv": [15, 2, 16, 3], "texture": "#2"},
				"west": {"uv": [15, 2, 16, 3], "texture": "#2"},
				"up": {"uv": [15, 2, 16, 3], "rotation": 270, "texture": "#2"},
				"down": {"uv": [15, 2, 16, 3], "rotation": 90, "texture": "#2"}
			}
		},
		{
			"from": [13.77273, 11.54545, 2.02273],
			"to": [14.77273, 12.54545, 3.02273],
			"rotation": {"angle": -45, "axis": "x", "origin": [12.27273, 7.77273, 0.5]},
			"faces": {
				"north": {"uv": [15, 2, 16, 3], "texture": "#2"},
				"east": {"uv": [15, 2, 16, 3], "texture": "#2"},
				"south": {"uv": [15, 2, 16, 3], "texture": "#2"},
				"west": {"uv": [15, 2, 16, 3], "texture": "#2"},
				"up": {"uv": [15, 2, 16, 3], "rotation": 270, "texture": "#2"},
				"down": {"uv": [15, 2, 16, 3], "rotation": 90, "texture": "#2"}
			}
		},
		{
			"from": [13.77273, -2.45455, 11.02273],
			"to": [14.77273, 0.54545, 15.02273],
			"rotation": {"angle": -45, "axis": "x", "origin": [12.27273, 7.77273, 0.5]},
			"faces": {
				"north": {"uv": [1, 11, 2, 12], "texture": "#2"},
				"east": {"uv": [1, 11, 4, 15], "rotation": 270, "texture": "#2"},
				"south": {"uv": [1, 14, 4, 15], "rotation": 270, "texture": "#2"},
				"west": {"uv": [1, 11, 4, 15], "rotation": 270, "texture": "#2"},
				"up": {"uv": [11, 3, 15, 4], "rotation": 270, "texture": "#2"},
				"down": {"uv": [11, 1, 15, 2], "rotation": 90, "texture": "#2"}
			}
		},
		{
			"from": [13.77273, -1.45455, 8.02273],
			"to": [14.77273, 1.54545, 11.02273],
			"rotation": {"angle": -45, "axis": "x", "origin": [12.27273, 7.77273, 0.5]},
			"faces": {
				"north": {"uv": [2, 8, 3, 11], "texture": "#2"},
				"east": {"uv": [2, 8, 5, 11], "rotation": 270, "texture": "#2"},
				"south": {"uv": [3, 11, 4, 12], "texture": "#2"},
				"west": {"uv": [2, 8, 5, 11], "rotation": 270, "texture": "#2"},
				"up": {"uv": [8, 4, 11, 5], "rotation": 270, "texture": "#2"},
				"down": {"uv": [8, 2, 11, 3], "rotation": 90, "texture": "#2"}
			}
		},
		{
			"from": [13.77273, -0.45455, 6.02273],
			"to": [14.77273, 2.54545, 8.02273],
			"rotation": {"angle": -45, "axis": "x", "origin": [12.27273, 7.77273, 0.5]},
			"faces": {
				"north": {"uv": [3, 6, 4, 8], "texture": "#2"},
				"east": {"uv": [3, 6, 6, 8], "rotation": 270, "texture": "#2"},
				"south": {"uv": [5, 7, 6, 8], "texture": "#2"},
				"west": {"uv": [3, 6, 6, 8], "rotation": 270, "texture": "#2"},
				"up": {"uv": [6, 6, 7, 7], "rotation": 270, "texture": "#2"},
				"down": {"uv": [8, 2, 9, 3], "rotation": 90, "texture": "#2"}
			}
		}
	],
	"display": {
		"thirdperson_righthand": {
			"rotation": [90, 0, 0],
			"translation": [-6, 0, -5]
		},
		"head": {
			"translation": [0, -63.75, 0],
			"scale": [1.54, 1.54, 1.54]
		}
	},
	"groups": [
		{
			"name": "villager",
			"origin": [0, 0, 0],
			"color": 0,
			"children": [0, 1, 2, 3, 4, 5, 6, 7]
		},
		{
			"name": "profession",
			"origin": [8, 8, 8],
			"color": 0,
			"children": [8, 9, 10, 11, 12, 13,
				{
					"name": "group",
					"origin": [0, -1, 0],
					"color": 0,
					"children": [
						{
							"name": "group",
							"origin": [0, -1, 0],
							"color": 0,
							"children": [14, 15, 16, 17]
						}, 18]
				}
			]
		},
		{
			"name": "type",
			"origin": [8, 8, 8],
			"color": 0,
			"children": [19, 20, 21, 22, 23, 24]
		},
		{
			"name": "bow",
			"origin": [8, 8, 8],
			"color": 0,
			"children": [25, 26, 27, 28, 29, 30, 31, 32, 33, 34, 35, 36, 37, 38, 39, 40, 41, 42, 43, 44, 45, 46]
		}
	]
}