{
	"credit": "Made with Blockbench",
	"texture_size": [48, 48],
	"textures": {
		"0": "splashes:lava_splash_anim",
		"particle": "splashes:lava_splash_anim"
	},
	"elements": [
		{
			"from": [-7.01506, -16, -7.01506],
			"to": [-7.01506, 10.97592, 23.01506],
			"rotation": {"angle": 0, "axis": "y", "origin": [8, -81.22181, 8]},
			"faces": {
				"north": {"uv": [0, 10.85714, 4, 16], "texture": "#0"},
				"east": {"uv": [8, 10.85714, 12, 16], "texture": "#0"},
				"south": {"uv": [4, 10.85714, 8, 16], "texture": "#0"},
				"west": {"uv": [12, 10.85714, 16, 16], "texture": "#0"},
				"up": {"uv": [12, 6.85714, 16, 11], "texture": "#0"},
				"down": {"uv": [8, 6.85714, 12, 10.66667], "texture": "#0"}
			}
		},
		{
			"from": [23.01506, -16, -7.01506],
			"to": [23.01506, 10.97592, 23.01506],
			"rotation": {"angle": 0, "axis": "y", "origin": [8, -81.22181, 8]},
			"faces": {
				"north": {"uv": [0, 10.85714, 4, 16], "texture": "#0"},
				"east": {"uv": [8, 10.85714, 12, 16], "texture": "#0"},
				"south": {"uv": [4, 10.85714, 8, 16], "texture": "#0"},
				"west": {"uv": [12, 10.85714, 16, 16], "texture": "#0"},
				"up": {"uv": [12, 6.85714, 16, 11], "texture": "#0"},
				"down": {"uv": [8, 6.85714, 12, 10.66667], "texture": "#0"}
			}
		},
		{
			"from": [-7.01506, -16, 23.01506],
			"to": [23.01506, 10.97592, 23.01506],
			"rotation": {"angle": 0, "axis": "y", "origin": [8, -81.22181, 8]},
			"faces": {
				"north": {"uv": [0, 10.85714, 4, 16], "texture": "#0"},
				"east": {"uv": [8, 10.85714, 12, 16], "texture": "#0"},
				"south": {"uv": [4, 10.85714, 8, 16], "texture": "#0"},
				"west": {"uv": [12, 10.85714, 16, 16], "texture": "#0"},
				"up": {"uv": [12, 6.85714, 16, 11], "texture": "#0"},
				"down": {"uv": [8, 6.85714, 12, 10.66667], "texture": "#0"}
			}
		},
		{
			"from": [-7.01506, -16, -7.01506],
			"to": [23.01506, 10.97592, -7.01506],
			"rotation": {"angle": 0, "axis": "y", "origin": [8, -81.22181, 8]},
			"faces": {
				"north": {"uv": [0, 10.85714, 4, 16], "texture": "#0"},
				"east": {"uv": [8, 10.85714, 12, 16], "texture": "#0"},
				"south": {"uv": [4, 10.85714, 8, 16], "texture": "#0"},
				"west": {"uv": [12, 10.85714, 16, 16], "texture": "#0"},
				"up": {"uv": [12, 6.85714, 16, 11], "texture": "#0"},
				"down": {"uv": [8, 6.85714, 12, 10.66667], "texture": "#0"}
			}
		},
		{
			"from": [-0.60544, -16, -0.60544],
			"to": [-0.60544, 32, 16.60544],
			"rotation": {"angle": 0, "axis": "y", "origin": [8, -66.3336, 8]},
			"faces": {
				"north": {"uv": [8, 12.52381, 12, 16], "texture": "#0"},
				"east": {"uv": [8, 12.52381, 12, 16], "texture": "#0"},
				"south": {"uv": [8, 12.52381, 12, 16], "texture": "#0"},
				"west": {"uv": [8, 12.52381, 12, 16], "texture": "#0"},
				"up": {"uv": [12.02133, 6.85714, 16, 11.16914], "texture": "#0"},
				"down": {"uv": [8.02133, 6.85714, 12, 10.83581], "texture": "#0"}
			}
		},
		{
			"from": [-0.60544, -16, 16.60544],
			"to": [16.60544, 32, 16.60544],
			"rotation": {"angle": 0, "axis": "y", "origin": [8, -66.3336, 8]},
			"faces": {
				"north": {"uv": [8, 12.52381, 12, 16], "texture": "#0"},
				"east": {"uv": [8, 12.52381, 12, 16], "texture": "#0"},
				"south": {"uv": [8, 12.52381, 12, 16], "texture": "#0"},
				"west": {"uv": [8, 12.52381, 12, 16], "texture": "#0"},
				"up": {"uv": [12.02133, 6.85714, 16, 11.16914], "texture": "#0"},
				"down": {"uv": [8.02133, 6.85714, 12, 10.83581], "texture": "#0"}
			}
		},
		{
			"from": [-0.60544, -16, -0.60544],
			"to": [16.60544, 32, -0.60544],
			"rotation": {"angle": 0, "axis": "y", "origin": [8, -66.3336, 8]},
			"faces": {
				"north": {"uv": [8, 12.52381, 12, 16], "texture": "#0"},
				"east": {"uv": [8, 12.52381, 12, 16], "texture": "#0"},
				"south": {"uv": [8, 12.52381, 12, 16], "texture": "#0"},
				"west": {"uv": [8, 12.52381, 12, 16], "texture": "#0"},
				"up": {"uv": [12.02133, 6.85714, 16, 11.16914], "texture": "#0"},
				"down": {"uv": [8.02133, 6.85714, 12, 10.83581], "texture": "#0"}
			}
		},
		{
			"from": [16.60544, -16, -0.60544],
			"to": [16.60544, 32, 16.60544],
			"rotation": {"angle": 0, "axis": "y", "origin": [8, -66.3336, 8]},
			"faces": {
				"north": {"uv": [8, 12.52381, 12, 16], "texture": "#0"},
				"east": {"uv": [8, 12.52381, 12, 16], "texture": "#0"},
				"south": {"uv": [8, 12.52381, 12, 16], "texture": "#0"},
				"west": {"uv": [8, 12.52381, 12, 16], "texture": "#0"},
				"up": {"uv": [12.02133, 6.85714, 16, 11.16914], "texture": "#0"},
				"down": {"uv": [8.02133, 6.85714, 12, 10.83581], "texture": "#0"}
			}
		}
	],
	"display": {
		"thirdperson_righthand": {
			"scale": [0, 0, 0]
		},
		"thirdperson_lefthand": {
			"scale": [0, 0, 0]
		},
		"firstperson_righthand": {
			"scale": [0, 0, 0]
		},
		"firstperson_lefthand": {
			"scale": [0, 0, 0]
		},
		"ground": {
			"scale": [0, 0, 0]
		},
		"gui": {
			"rotation": [30, 225, 0],
			"translation": [0, -13.5, 0],
			"scale": [0.625, 0.625, 0.625]
		},
		"head": {
			"translation": [0, 19.25, 0],
			"scale": [2, 2.68, 2]
		},
		"fixed": {
			"translation": [0, 3, 0],
			"scale": [0.5, 0.5, 0.5]
		}
	}
}