{
	"credit": "Made with Blockbench",
	"textures": {
		"1": "block/anvil",
		"2": "block/honey_block_side",
		"3": "block/scaffolding_top",
		"4": "block/stripped_dark_oak_log",
		"5": "block/glass",
		"particle": "block/acacia_log"
	},
	"elements": [
		{
			"from": [14, -3, 0],
			"to": [16, -2, 16],
			"faces": {
				"north": {"uv": [0, 0, 2, 1], "texture": "#4"},
				"east": {"uv": [0, 0, 1, 16], "texture": "#4"},
				"south": {"uv": [0, 0, 2, 1], "texture": "#4"},
				"west": {"uv": [0, 0, 1, 16], "texture": "#4"},
				"up": {"uv": [0, 0, 2, 16], "texture": "#4"},
				"down": {"uv": [0, 0, 2, 16], "texture": "#4"}
			}
		},
		{
			"from": [0, -3, 0],
			"to": [2, -2, 16],
			"faces": {
				"north": {"uv": [0, 0, 2, 1], "texture": "#4"},
				"east": {"uv": [0, 0, 1, 16], "texture": "#4"},
				"south": {"uv": [0, 0, 2, 1], "texture": "#4"},
				"west": {"uv": [0, 0, 1, 16], "texture": "#4"},
				"up": {"uv": [14, 0, 16, 16], "texture": "#4"},
				"down": {"uv": [0, 0, 2, 16], "texture": "#4"}
			}
		},
		{
			"from": [2, -3, 0],
			"to": [14, -2, 2],
			"faces": {
				"north": {"uv": [2, 15, 14, 16], "texture": "#4"},
				"east": {"uv": [2, 14, 3, 16], "texture": "#4"},
				"south": {"uv": [2, 15, 14, 16], "texture": "#4"},
				"west": {"uv": [13, 14, 14, 16], "texture": "#4"},
				"up": {"uv": [2, 14, 14, 16], "texture": "#4"},
				"down": {"uv": [2, 14, 14, 16], "texture": "#4"}
			}
		},
		{
			"from": [2, -3, 14],
			"to": [14, -2, 16],
			"faces": {
				"north": {"uv": [2, 15, 14, 16], "texture": "#4"},
				"east": {"uv": [2, 14, 3, 16], "texture": "#4"},
				"south": {"uv": [2, 15, 14, 16], "texture": "#4"},
				"west": {"uv": [13, 14, 14, 16], "texture": "#4"},
				"up": {"uv": [2, 14, 14, 16], "texture": "#4"},
				"down": {"uv": [2, 14, 14, 16], "texture": "#4"}
			}
		},
		{
			"from": [14, -2, 7],
			"to": [15, 10, 8],
			"faces": {
				"north": {"uv": [0, 0, 1, 12], "texture": "#1"},
				"east": {"uv": [0, 0, 1, 12], "texture": "#1"},
				"south": {"uv": [0, 0, 1, 12], "texture": "#1"},
				"west": {"uv": [0, 0, 1, 12], "texture": "#1"},
				"up": {"uv": [0, 0, 1, 1], "texture": "#1"},
				"down": {"uv": [0, 0, 1, 1], "texture": "#1"}
			}
		},
		{
			"from": [11, 7, 7],
			"to": [14, 8, 8],
			"faces": {
				"north": {"uv": [3, 6, 6, 7], "texture": "#1"},
				"east": {"uv": [3, 6, 6, 7], "texture": "#1"},
				"south": {"uv": [3, 6, 6, 7], "texture": "#1"},
				"west": {"uv": [3, 6, 6, 7], "texture": "#1"},
				"up": {"uv": [3, 6, 6, 7], "texture": "#1"},
				"down": {"uv": [3, 6, 6, 7], "texture": "#1"}
			}
		},
		{
			"from": [4, 7, 5],
			"to": [5, 8, 10],
			"faces": {
				"north": {"uv": [2, 15, 3, 16], "texture": "#1"},
				"east": {"uv": [5, 13, 10, 14], "texture": "#1"},
				"south": {"uv": [2, 15, 3, 16], "texture": "#1"},
				"west": {"uv": [5, 13, 10, 14], "texture": "#1"},
				"up": {"uv": [13, 10, 14, 15], "texture": "#1"},
				"down": {"uv": [13, 10, 14, 15], "texture": "#1"}
			}
		},
		{
			"from": [10, 7, 5],
			"to": [11, 8, 10],
			"faces": {
				"north": {"uv": [2, 15, 3, 16], "texture": "#1"},
				"east": {"uv": [5, 13, 10, 14], "texture": "#1"},
				"south": {"uv": [2, 15, 3, 16], "texture": "#1"},
				"west": {"uv": [5, 13, 10, 14], "texture": "#1"},
				"up": {"uv": [13, 10, 14, 15], "texture": "#1"},
				"down": {"uv": [13, 10, 14, 15], "texture": "#1"}
			}
		},
		{
			"from": [5, 7, 10],
			"to": [10, 8, 11],
			"faces": {
				"north": {"uv": [1, 0, 6, 1], "texture": "#1"},
				"east": {"uv": [0, 0, 1, 1], "texture": "#1"},
				"south": {"uv": [1, 0, 6, 1], "texture": "#1"},
				"west": {"uv": [0, 0, 1, 1], "texture": "#1"},
				"up": {"uv": [2, 12, 7, 13], "texture": "#1"},
				"down": {"uv": [2, 12, 7, 13], "texture": "#1"}
			}
		},
		{
			"from": [5, 7, 4],
			"to": [10, 8, 5],
			"faces": {
				"north": {"uv": [1, 0, 6, 1], "texture": "#1"},
				"east": {"uv": [0, 0, 1, 1], "texture": "#1"},
				"south": {"uv": [1, 0, 6, 1], "texture": "#1"},
				"west": {"uv": [0, 0, 1, 1], "texture": "#1"},
				"up": {"uv": [2, 12, 7, 13], "texture": "#1"},
				"down": {"uv": [2, 12, 7, 13], "texture": "#1"}
			}
		},
		{
			"name": "honey",
			"from": [-1.85, -13, 7],
			"to": [0.15, -10, 9],
			"faces": {
				"north": {"uv": [5, 3, 7, 6], "texture": "#2"},
				"east": {"uv": [4, 3, 6, 6], "texture": "#2"},
				"south": {"uv": [3, 3, 5, 6], "texture": "#2"},
				"west": {"uv": [4, 3, 6, 6], "texture": "#2"},
				"up": {"uv": [12, 11, 14, 13], "texture": "#2"},
				"down": {"uv": [6, 9, 8, 11], "texture": "#2"}
			}
		},
		{
			"name": "glass",
			"from": [-1.95, -13, 6.95],
			"to": [0.15, -8, 9.05],
			"faces": {
				"north": {"uv": [13, 8, 15.05, 13.05], "texture": "#5"},
				"east": {"uv": [2, 3, 4.05, 8.05], "texture": "#5"},
				"south": {"uv": [11, 10, 13.05, 15.05], "texture": "#5"},
				"west": {"uv": [2, 3, 4.05, 8.05], "texture": "#5"},
				"up": {"uv": [2, 3, 4.05, 8.05], "texture": "#5"},
				"down": {"uv": [2, 3, 4.05, 8.05], "texture": "#5"}
			}
		},
		{
			"from": [-2.85, -8, 6.9],
			"to": [0.15, -6, 9.1],
			"faces": {
				"north": {"uv": [0, 0, 3, 2], "texture": "#1"},
				"east": {"uv": [0, 0, 3, 2], "texture": "#1"},
				"south": {"uv": [0, 0, 3, 2], "texture": "#1"},
				"west": {"uv": [0, 0, 3, 2], "texture": "#1"},
				"up": {"uv": [0, 0, 3, 2], "texture": "#1"},
				"down": {"uv": [0, 0, 3, 2], "texture": "#1"}
			}
		},
		{
			"from": [-2.85, -15, 6.9],
			"to": [0.15, -13, 9.1],
			"faces": {
				"north": {"uv": [0, 0, 3, 2], "texture": "#1"},
				"east": {"uv": [0, 0, 3, 2], "texture": "#1"},
				"south": {"uv": [0, 0, 3, 2], "texture": "#1"},
				"west": {"uv": [0, 0, 3, 2], "texture": "#1"},
				"up": {"uv": [0, 0, 3, 2], "texture": "#1"},
				"down": {"uv": [0, 0, 3, 2], "texture": "#1"}
			}
		},
		{
			"from": [2, -2.5, 2],
			"to": [14, -2.5, 14],
			"faces": {
				"north": {"uv": [0, 0, 12, 0], "texture": "#missing"},
				"east": {"uv": [0, 0, 12, 0], "texture": "#missing"},
				"south": {"uv": [0, 0, 12, 0], "texture": "#missing"},
				"west": {"uv": [0, 0, 12, 0], "texture": "#missing"},
				"up": {"uv": [2, 2, 14, 14], "texture": "#3"},
				"down": {"uv": [2, 2, 14, 14], "texture": "#3"}
			}
		}
	],
	"display": {
		"head": {
			"scale": [1.75, 1.7, 1.75]
		}
	},
	"groups": [
		{
			"name": "Rim",
			"origin": [8, 8, 8],
			"color": 0,
			"children": [0, 1, 2, 3]
		},
		{
			"name": "mount",
			"origin": [8, 8, 8],
			"color": 0,
			"children": [4, 5, 6, 7, 8, 9]
		},
		{
			"name": "Indicator",
			"origin": [0, 0, 0],
			"color": 0,
			"children": [10, 11, 12, 13]
		},
		{
			"name": "Mesh",
			"origin": [8, 8, 8],
			"color": 0,
			"children": [14]
		}
	]
}